model,node_count,agent_count,tokens_per_second,simulated_duration_ms,completed_token_count,mean_token_latency_ms,p95_token_latency_ms,mean_expert_batch_size,remote_expert_route_fraction,mean_compute_busy_fraction,mean_memory_bandwidth_busy_fraction,maximum_network_link_busy_fraction
Kimi K3,4,1,21.450013711891184,6000.0,128,46.620016818247194,49.175655025217296,1,0.74169921875,0.26883390808664476,0.26883390808664476,0.019208381904806858
Kimi K3,4,2,40.71801218922442,3150.0,128,49.10701648384078,55.02862068868589,1.0009930486593843,0.7420634920634921,0.5104001146618857,0.5104001146618857,0.022886575790311423
Kimi K3,4,3,55.745346576659095,2300.0,128,53.4255142913426,61.33402591351008,1.0100200400801602,0.7430555555555556,0.7013287505843866,0.7013287505843866,0.02552891643908616
Kimi K3,4,4,68.7478867011063,1900.0,128,57.98234550892342,66.00348287627435,1.0109835247129306,0.73193359375,0.8617433962371532,0.8617433962371532,0.026740642412583098
Kimi K3,4,5,61.403245656270755,2150.0,132,81.21293077308154,92.77941352631521,1.0251635631605436,0.76220703125,0.765360646778743,0.765360646778743,0.029005244371145746
Kimi K3,4,6,68.15296105551496,1900.0,128,87.40300105429097,97.14887048907947,1.0290456431535269,0.7687007874015748,0.8360786748406591,0.8360786748406591,0.031014337918612748
Kimi K3,4,7,74.75236953840795,1700.0,128,92.68935878156258,105.99814079438788,1.0438502673796792,0.7494918699186992,0.9116033529237638,0.9116033529237638,0.030040636024708956
Kimi K3,4,8,81.2985573100453,1600.0,130,97.5187967620977,110.16759775715184,1.048025613660619,0.7474798387096774,0.9908719224163991,0.9908719224163991,0.031352588841193414
Kimi K3,4,10,91.55326177844326,1400.0,129,107.36264551648955,123.17921275933499,1.0890527509926262,0.7520491803278688,0.9920674312505988,0.9920674312505988,0.038938259929118306
Kimi K3,4,15,115.01588047144486,1300.0,150,128.2788301437365,155.22560621053506,1.1251298026998962,0.7518115942028986,0.9840359328773303,0.9840359328773303,0.05203694936571316
Kimi K3,4,22,131.2990562398204,1700.0,224,161.42892242624904,192.57124196138383,1.203805342114892,0.7642441860465117,0.9928679538676972,0.9928679538676972,0.05570470254868946
Kimi K3,4,32,161.2539622179847,2050.0,327,195.86119932871023,247.56778450673758,1.3452047111609646,0.7409874608150471,0.9978290183769548,0.9978290183769548,0.0637179137915314
Kimi K3,4,46,196.44378601468816,2350.0,460,229.8158919178358,286.16237474639274,1.5714620431115276,0.7525568181818182,0.9999344314618939,0.9999344314618939,0.07734241241162418
Kimi K3,4,68,245.72189132533597,2800.0,680,273.3231996704909,336.3401474006014,1.9340529931305201,0.7478120243531202,0.9998757514259523,0.9998757514259523,0.09602904321682533
Kimi K3,4,100,309.98651038094266,3250.0,1000,320.88674827897955,392.5123939506998,2.469982847341338,0.7487050163576882,1.0,1.0,0.11570052536557028
Kimi K3,4,127,355.863539946542,3600.0,1270,355.11740371563064,445.0198188291273,2.9107114435779087,0.7473739495798319,0.9999807223590784,0.9999807223590784,0.1393824702617546
Kimi K3,5,1,21.46970634242294,6000.0,128,46.57725560149167,49.175655025217054,1,0.80712890625,0.2155599960117292,0.2155599960117292,0.01538889630594342
Kimi K3,5,2,41.40848047594319,3100.0,128,48.231515843683795,53.44511198798025,1.0009930486593843,0.7961309523809523,0.4156911356357572,0.4156911356357572,0.01805872398192526
Kimi K3,5,3,58.62404275743835,2200.0,128,51.0865640815715,58.220966921314954,1.0070493454179255,0.7845,0.5871018627407736,0.5871018627407736,0.018892684068727274
Kimi K3,5,4,72.6656140766286,1800.0,128,54.86381089218119,62.40078026386237,1.0141414141414142,0.7998046875,0.7279406585763252,0.7279406585763252,0.02189103824766523
Kimi K3,5,5,82.82205307438477,1550.0,128,59.56406566567216,67.42663519719576,1.0256673511293635,0.799,0.834139922877514,0.834139922877514,0.021905350840372977
Kimi K3,5,6,75.12394883555244,1750.0,129,79.66859565853629,92.77941352631521,1.0201511335012594,0.80078125,0.7448147238060477,0.7448147238060477,0.023866261662239506
Kimi K3,5,7,80.24120758185029,1600.0,129,85.15898165292771,94.61292222701812,1.030287474332649,0.8010912698412699,0.7959853008964279,0.7959853008964279,0.02515723632320115
Kimi K3,5,8,90.48985890077581,1450.0,130,88.2533867570261,102.84147977276257,1.0430622009569377,0.7987204724409449,0.8650225759679033,0.8650225759679033,0.024593882779393648
Kimi K3,5,10,101.51485237633317,1300.0,132,96.29284739684044,111.38039369829056,1.0710412147505424,0.7958984375,0.991598340533613,0.991598340533613,0.025266047438753495
Kimi K3,5,15,129.93110933557836,1150.0,150,113.44148594644858,131.4286278528129,1.1367389060887514,0.8048561151079137,0.9924357675208437,0.9924357675208437,0.03231864565047988
Kimi K3,5,22,154.62228326351342,1450.0,224,136.75767333591287,170.62766221389293,1.2150929639081298,0.7898255813953489,0.9956314952156837,0.9956314952156837,0.0424663762510929
Kimi K3,5,32,188.96171999373473,1700.0,321,168.32891055409024,197.68942883585643,1.3255282695602513,0.8090635738831615,0.9984400053137714,0.9984400053137714,0.052617873006502114
Kimi K3,5,46,224.13036641581238,2100.0,470,199.980035158031,235.59970012327398,1.5545311445918597,0.8037131519274376,1.0,1.0,0.061920693959408545
Kimi K3,5,68,270.73074463475325,2500.0,681,239.88829151786453,280.15802879701613,1.8338428340226578,0.8005418535127056,1.0,1.0,0.07785749156219705
Kimi K3,5,100,352.5728339637142,2850.0,1006,267.7270629455104,329.3061091638253,2.489972281102234,0.8044839679358717,1.0,1.0,0.10205525145139734
Kimi K3,5,147,477.089852297636,3100.0,1470,306.60339420741667,362.2584361505666,3.3023400936037444,0.8009259259259259,1.0,1.0,0.12233871556270451
Kimi K3,5,215,609.7272103836723,3550.0,2150,351.3368925912038,405.5527959071487,4.541587208449465,0.7981589147286822,1.0,1.0,0.15646532259401005
Kimi K3,5,316,692.9211833694472,4550.0,3167,429.0957303139772,532.3913630895586,5.842131228416378,0.7961729781771502,1.0,1.0,0.19076165323744645
Kimi K3,5,335,783.3283097663925,4300.0,3350,425.81575667493246,524.2296614552529,6.622734761120263,0.7972222222222223,1.0,1.0,0.20370229788749894
Kimi K3,6,1,21.861137623177594,5900.0,128,45.74327362267648,49.17565502521515,1,0.8125,0.18262958765886425,0.18262958765886425,0.01266731407533566
Kimi K3,6,2,42.30301197977108,3050.0,128,47.21146095240624,51.10520531670785,1.0014836795252227,0.8302165354330708,0.353846328037245,0.353846328037245,0.015980548429583193
Kimi K3,6,3,59.743895061193484,2200.0,129,50.12850624483346,55.53501865925348,1.0053658536585366,0.8376937984496124,0.4997213260577759,0.4997213260577759,0.017769181767111574
Kimi K3,6,4,76.35498326933035,1700.0,128,52.31256578666023,61.22762794294095,1.0106707317073171,0.8298611111111112,0.6368676395785033,0.6368676395785033,0.018626071702742043
Kimi K3,6,5,86.26440316710732,1500.0,129,56.908334284664825,68.8497875181172,1.0197668525088697,0.8326771653543307,0.7283497374999904,0.7283497374999904,0.021501755578864405
Kimi K3,6,6,102.60121665940693,1300.0,132,58.43920276781631,64.58033055535066,1.0285714285714285,0.84375,0.8486833774154882,0.8486833774154882,0.022235823339104153
Kimi K3,6,7,84.11331286151872,1550.0,130,82.29601691302508,93.18976990609836,1.0309757356737224,0.8395,0.7008790795727059,0.7008790795727059,0.022486718666824078
Kimi K3,6,8,91.71119112365956,1400.0,128,87.13624341830507,94.80896381780576,1.0292708887706226,0.834349593495935,0.7538707526935077,0.7538707526935077,0.022207136906071154
Kimi K3,6,10,110.6788918008188,1200.0,133,89.42382698938809,101.7286838316241,1.0536663124335812,0.8408203125,0.9040463158410171,0.9040463158410171,0.02412732751238575
Kimi K3,6,15,135.8696404426883,1150.0,156,107.39513711530012,125.4256621893459,1.0984308131241085,0.8322147651006712,0.9867149837773931,0.9867149837773931,0.029118384863578137
Kimi K3,6,22,165.99164632676226,1350.0,226,129.29916292982674,155.10851423283648,1.1725228390723823,0.840669014084507,0.9937736525688341,0.9937736525688341,0.0353306441277879
Kimi K3,6,32,205.0648974601281,1600.0,327,151.81731090872117,183.78957396400045,1.3026562919237994,0.8319444444444445,0.9949837577615382,0.9949837577615382,0.040506449993398884
Kimi K3,6,46,267.65048894273815,1750.0,460,168.07883929044408,199.09435087725294,1.5581876724931003,0.829248366013072,0.9998069172369187,0.9998069172369187,0.048741388198501094
Kimi K3,6,68,314.7844559400218,2200.0,692,207.86536043307183,252.69296201266377,1.8314210061782876,0.8300925925925926,1.0,1.0,0.055793172404843654
Kimi K3,6,100,430.409842727007,2350.0,1000,232.3856126155813,271.7348437956646,2.4849007765314925,0.8289873068432672,1.0,1.0,0.07306204513828575
Kimi K3,6,147,554.8740620287817,2700.0,1470,264.4081616373455,327.2116396760056,3.3230769230769233,0.8305209097578871,1.0,1.0,0.08966091213572844
Kimi K3,6,215,711.4206426497019,3050.0,2150,301.1903604578733,369.4565511124868,4.509175648121177,0.8322351421188631,1.0,1.0,0.114215868679875
Kimi K3,6,316,893.6761640675112,3550.0,3160,353.3636316516181,399.8457678513936,6.467310972143263,0.8331355485232067,1.0,1.0,0.14345670475365013
Kimi K3,6,464,1080.7219469635588,4300.0,4640,428.4321263273787,483.04212580940293,9.19570602807597,0.8348748802681992,1.0,1.0,0.17434900172007606
Kimi K3,6,544,1156.023127920027,4750.0,5440,470.1908878746999,541.707020328059,10.399044205495818,0.8343928717320261,1.0,1.0,0.18637738568498013
Kimi K3,7,1,21.902976636490052,5850.0,128,45.65589493137723,47.75250270429576,1,0.8508858267716536,0.15690423622790228,0.15690423622790228,0.010901932394626465
Kimi K3,7,2,42.786499374549216,3000.0,128,46.76834119890001,50.34880734613871,1.0004962779156328,0.8531746031746031,0.30629542909302543,0.30629542909302543,0.013415387536479454
Kimi K3,7,3,62.321770930233356,2100.0,129,48.136559920276376,53.195111987981555,1.0074850299401197,0.84375,0.4447724983905691,0.4447724983905691,0.01409207700003832
Kimi K3,7,4,77.3230159538041,1700.0,131,51.43397156058565,56.95817098017669,1.0103601381351752,0.8671875,0.5551916565727223,0.5551916565727223,0.015620056089276201
Kimi K3,7,5,91.7559827641718,1450.0,130,54.29881079458775,60.721229972371816,1.0185,0.8662790697674418,0.6562199176054435,0.6562199176054435,0.017357239625805113
Kimi K3,7,6,98.7310223622805,1300.0,128,59.328269673270725,72.43852668306327,1.021794221996959,0.8482142857142857,0.7203450336185495,0.7203450336185495,0.016069644847438953
Kimi K3,7,7,118.25370818496877,1150.0,133,58.87787154549833,66.92023722662461,1.031472081218274,0.857824427480916,0.8427673488245242,0.8427673488245242,0.017964316723794012
Kimi K3,7,8,101.28173252381659,1300.0,132,77.06605297021838,90.84986323482191,1.0324837581209396,0.8519230769230769,0.7353416023230483,0.7353416023230483,0.017163876158239465
Kimi K3,7,10,112.58218340945055,1150.0,130,88.42230509151601,96.23211613872587,1.050893340552247,0.861,0.7906490152069531,0.7906490152069531,0.019600584408182947
Kimi K3,7,15,145.4304706545504,1050.0,154,99.16486398534389,109.95724137736923,1.1071428571428572,0.8610641891891891,0.9810822927445243,0.9810822927445243,0.024261103672427325
Kimi K3,7,22,186.79566180928856,1250.0,234,115.5122268468168,134.88133046522915,1.1756527636486944,0.8513127853881278,0.9920544380435691,0.9920544380435691,0.029411619996028628
Kimi K3,7,32,224.004264231697,1450.0,327,138.17395445352653,164.18466338847935,1.310734463276836,0.8579365079365079,0.9996126357802091,0.9996126357802091,0.03428800183454716
Kimi K3,7,46,272.7702214163812,1700.0,469,162.09252079659706,187.4244878407798,1.4661177960734642,0.8525605726872246,0.9988836508353909,0.9988836508353909,0.037868675934900134
Kimi K3,7,68,351.57622750257906,1950.0,683,188.74522234698307,222.3439622021892,1.7806186304308957,0.8621794871794872,0.9986377647776116,0.9986377647776116,0.047620758680248225
Kimi K3,7,100,479.2293234693718,2100.0,1000,208.61612716069476,239.2464313024237,2.4344885883347422,0.8542354235423543,0.9997072656650776,0.9997072656650776,0.06232863830802687
Kimi K3,7,147,614.3641313028124,2400.0,1470,237.50031553240217,279.34141853166744,3.2243716679360244,0.8569568452380952,1.0,1.0,0.08003942228972884
Kimi K3,7,215,744.466891508276,2900.0,2168,271.6031412766363,315.5959247964715,4.461517797179315,0.8563285248953001,1.0,1.0,0.10226455291695741
Kimi K3,7,316,1000.462020522879,3200.0,3160,315.21555625637,358.3219559907184,6.253985706432106,0.8591896371249128,1.0,1.0,0.12401562950252232
Kimi K3,7,464,1218.8428090030325,3850.0,4640,379.7506806962599,442.028034159868,8.84980132450331,0.8576089559386973,1.0,1.0,0.14979508868759273
Kimi K3,7,681,1430.9811369323036,4800.0,6810,474.9760803260227,539.6001001859472,12.572307692307692,0.8560837820199053,1.0,1.0,0.1741744455409863
Kimi K3,7,752,1488.6109678717396,5100.0,7520,505.23078802850995,563.9368153596554,13.750857142857143,0.8578512854609929,1.0,1.0,0.18222977862641843
DeepSeek V4.1 Flash,2,1,72.60812885728112,1800.0,130,13.772562600609154,15.480615076571643,1,0.47692307692307695,0.4298328634614183,0.4298328634614183,0.013197054616741198
DeepSeek V4.1 Flash,2,2,134.459376801224,1000.0,134,14.892704742619106,18.605593206791163,1.0076335877862594,0.48737373737373735,0.7929086179543013,0.7929086179543013,0.02032694352757153
DeepSeek V4.1 Flash,2,3,139.3507112879414,950.0,131,21.580588820364067,25.345758953921795,1.0091264667535853,0.491025641025641,0.8214985008601303,0.8214985008601303,0.021342251755642343
DeepSeek V4.1 Flash,2,4,171.20037005848823,800.0,136,23.416920270501134,28.570737084141285,1.0193050193050193,0.5,0.9698964493626361,0.9698964493626361,0.02625190870207108
DeepSeek V4.1 Flash,2,5,177.16566729834352,750.0,132,28.231717662545666,34.52645014769408,1.0284552845528456,0.458994708994709,0.9438057304802654,0.9438057304802654,0.024967986667366347
DeepSeek V4.1 Flash,2,6,193.37779021363616,700.0,135,30.79877026097945,37.773424274021224,1.0356200527704484,0.5318066157760815,0.985208440472366,0.985208440472366,0.031466232205124706
DeepSeek V4.1 Flash,2,7,201.3015452912362,650.0,128,34.78544119878298,42.09465227635658,1.045325779036827,0.47619047619047616,0.9882695339707577,0.9882695339707577,0.02907994803029636
DeepSeek V4.1 Flash,2,8,210.10698218386565,650.0,135,37.468181776638524,43.62913733757401,1.0518417462482947,0.48258706467661694,0.9979113103855131,0.9979113103855131,0.03233702773698704
DeepSeek V4.1 Flash,2,10,232.29367058173958,600.0,139,42.80697453599903,53.82998918110168,1.083565459610028,0.48846153846153845,0.9994888122399644,0.9994888122399644,0.03583286722055325
DeepSeek V4.1 Flash,2,15,243.04444418236014,650.0,150,61.57874392247485,78.51120489653024,1.1178045515394912,0.49776286353467564,0.9871300740336859,0.9871300740336859,0.03787286657226962
DeepSeek V4.1 Flash,2,22,263.9330045209948,850.0,220,81.91264786596741,98.21904130332136,1.19740777666999,0.511164274322169,0.9990782625353359,0.9990782625353359,0.04426904338503009
DeepSeek V4.1 Flash,2,32,285.0861422144103,1200.0,341,110.1537670624694,125.65687702731306,1.3131597466572835,0.508994708994709,1.0,1.0,0.04532826633738035
DeepSeek V4.1 Flash,2,46,311.7279366570195,1500.0,466,143.62406053646325,181.8358793876112,1.4923529411764707,0.4880677444187837,0.9999072901197992,0.9999072901197992,0.048161116458781156
DeepSeek V4.1 Flash,2,68,341.0142415489467,2050.0,700,191.22207254289916,242.0337370697814,1.7993542435424354,0.4930348258706468,1.0,1.0,0.05438525629271908
DeepSeek V4.1 Flash,2,100,376.24038532353757,2650.0,1001,249.36119968425052,311.14198200056353,2.2933867735470943,0.49897119341563784,0.9998956392860521,0.9998956392860521,0.05968502218546614
DeepSeek V4.1 Flash,2,125,432.81711962914284,2900.0,1250,288.9885412932723,351.7342585615199,2.7206771463119708,0.5127407407407407,1.0,1.0,0.06606550091930143
DeepSeek V4.1 Flash,3,1,70.94316396761742,1850.0,131,14.095790828506859,15.11649481224048,1,0.6666666666666666,0.27980938820381834,0.27980938820381834,0.010316529705375334
DeepSeek V4.1 Flash,3,2,137.30750816158266,950.0,130,14.55263888797968,16.36486361301893,1.003921568627451,0.6575520833333334,0.5411027511981106,0.5411027511981106,0.014259365346849535
DeepSeek V4.1 Flash,3,3,191.442278230467,700.0,132,15.67466303462454,18.34147294245982,1.0102827763496145,0.6742424242424242,0.7538192277551506,0.7538192277551506,0.014298082176801098
DeepSeek V4.1 Flash,3,4,198.98224686130956,650.0,128,20.130686173395762,24.53951442136693,1.0094979647218454,0.6798941798941799,0.7766403825486853,0.7766403825486853,0.01734803233234932
DeepSeek V4.1 Flash,3,5,220.87264866839203,600.0,130,22.557440795966084,27.86449255158644,1.0197628458498025,0.6641025641025641,0.8435888015555885,0.8435888015555885,0.0180042946164997
DeepSeek V4.1 Flash,3,6,252.55791278666976,550.0,138,23.656673472701545,28.492733080248954,1.0363636363636364,0.6691729323308271,0.9506643203819115,0.9506643203819115,0.01878762412118019
DeepSeek V4.1 Flash,3,7,257.13076003560514,550.0,138,27.080396796349774,32.83595707869202,1.026615969581749,0.6702898550724637,0.9494044074200197,0.9494044074200197,0.020962441064746117
DeepSeek V4.1 Flash,3,8,270.28241689151906,500.0,134,29.053226783615447,34.448446143801746,1.0589849108367626,0.6590330788804071,0.9606801797349184,0.9606801797349184,0.02230795932933271
DeepSeek V4.1 Flash,3,10,285.78604539596506,450.0,129,34.01394527903317,42.47885375526375,1.0562770562770563,0.6586666666666666,0.9832093436070443,0.9832093436070443,0.022547984815543515
DeepSeek V4.1 Flash,3,15,343.1734719638611,450.0,150,43.32434768516921,55.000353977987764,1.106267029972752,0.653755868544601,0.9975560945469774,0.9975560945469774,0.026827283993655186
DeepSeek V4.1 Flash,3,22,354.8061427554323,650.0,232,58.46010792461821,68.86008148859703,1.1827272727272726,0.6456521739130435,0.9920202952232285,0.9920202952232285,0.025891599829114726
DeepSeek V4.1 Flash,3,32,409.5716770831203,850.0,338,77.45111841663032,97.41279677076658,1.2653342522398345,0.6762513312034079,1.0,1.0,0.02852321520581592
DeepSeek V4.1 Flash,3,46,449.8509573460493,1100.0,494,99.5751992015551,121.08544487784698,1.4834867352463454,0.6799283154121863,0.9998327785020638,0.9998327785020638,0.03424696277735871
DeepSeek V4.1 Flash,3,68,487.6952418258111,1400.0,681,130.67114120085859,157.53931674429845,1.7901578458681522,0.6745213549337261,0.9997365939307016,0.9997365939307016,0.0373303295906696
DeepSeek V4.1 Flash,3,100,553.8719526968224,1800.0,1000,171.85691646226488,211.01310578838968,2.1963636363636363,0.6723839223839224,0.9999487553604013,0.9999487553604013,0.040938514461971144
DeepSeek V4.1 Flash,3,147,634.5487467510695,2400.0,1527,222.98321418818762,266.6821565987551,2.909559834938102,0.6660810494260951,0.9948455001759542,0.9948455001759542,0.04689119884754736
DeepSeek V4.1 Flash,3,215,708.0709275556194,3150.0,2236,287.1814282161968,336.91718841488716,4.089182227945911,0.6744997673336436,1.0,1.0,0.052117310214114976
DeepSeek V4.1 Flash,3,266,709.1024154772364,3850.0,2751,359.4919489576257,503.9522568386674,4.176215042085256,0.6652601969057665,0.989556248815763,0.989556248815763,0.051961374594471046
DeepSeek V4.1 Flash,4,1,70.39068861161067,1850.0,130,14.206424453632263,15.11649481224048,1,0.7661498708010336,0.20816832088775458,0.20816832088775458,0.007531767419238497
DeepSeek V4.1 Flash,4,2,136.05230250380168,950.0,129,14.587549843482952,15.922739344795316,1.001303780964798,0.75390625,0.4051070897948529,0.4051070897948529,0.009943382249908853
DeepSeek V4.1 Flash,4,3,200.36380574393945,650.0,129,14.916938967050104,17.343104141681373,1.0039735099337748,0.7252604166666666,0.5943488923569419,0.5943488923569419,0.01198589259965525
DeepSeek V4.1 Flash,4,4,250.05630789412322,550.0,137,15.734393000681322,17.899348674236236,1.0086741016109046,0.7769607843137255,0.7501723979041944,0.7501723979041944,0.012203689477182466
DeepSeek V4.1 Flash,4,5,253.25669860104293,550.0,137,19.724154804373025,23.735184670343877,1.017743979721166,0.7549019607843137,0.7426200425127458,0.7426200425127458,0.014365577940200961
DeepSeek V4.1 Flash,4,6,280.3188562356474,500.0,137,21.69838298055444,26.688575098717095,1.0195058517555267,0.7557251908396947,0.7985694221181499,0.7985694221181499,0.014568870288171897
DeepSeek V4.1 Flash,4,7,291.8868997945313,450.0,131,23.632060402618286,27.80987921825309,1.0256756756756757,0.7519685039370079,0.8464067213113898,0.8464067213113898,0.015639306794700287
DeepSeek V4.1 Flash,4,8,324.5682758066119,450.0,143,24.453554179316917,29.654985620588423,1.0455696202531646,0.7652582159624414,0.9361077639261245,0.9361077639261245,0.01603328843879447
DeepSeek V4.1 Flash,4,10,361.7202272358099,400.0,142,28.048835984207795,34.58244347557813,1.054739652870494,0.7650918635170604,0.9551284009856111,0.9551284009856111,0.01928829338329214
DeepSeek V4.1 Flash,4,15,402.62090431383257,400.0,160,36.350320715758386,43.363102291710916,1.101863354037267,0.7543859649122807,0.9855972971387316,0.9855972971387316,0.01973575292303251
DeepSeek V4.1 Flash,4,22,451.4171669984572,500.0,223,47.25207286926496,56.23443074494374,1.1722846441947565,0.759090909090909,0.9913198529154867,0.9913198529154867,0.021479834116769896
DeepSeek V4.1 Flash,4,32,500.6242827614477,650.0,325,61.2240185195727,75.51443491733382,1.2508759635599158,0.7481940144478845,0.9961624777833661,0.9961624777833661,0.023912553363294033
DeepSeek V4.1 Flash,4,46,548.7507801740977,850.0,466,80.18341824639276,100.04457537896603,1.4092622509423802,0.7654046028210839,1.0,1.0,0.025734994064350137
DeepSeek V4.1 Flash,4,68,673.1240179190213,1050.0,680,100.68362131835613,121.21270994762766,1.763975155279503,0.7555205047318612,1.0,1.0,0.02880019267849237
DeepSeek V4.1 Flash,4,100,720.8170700443452,1400.0,1010,130.67208915229472,158.7146703505261,2.2208251473477407,0.7469073888331662,1.0,1.0,0.034237329389483075
DeepSeek V4.1 Flash,4,147,835.9748860454868,1850.0,1548,169.08368918555993,192.59924101407884,2.9403236682400538,0.7516451100521897,1.0,1.0,0.039006778492943386
DeepSeek V4.1 Flash,4,215,892.0969977793106,2400.0,2156,226.5851677615809,316.6252259569285,3.6996608078939253,0.7524712364284557,1.0,1.0,0.04396560728227087
DeepSeek V4.1 Flash,4,316,968.7326907217573,3250.0,3174,315.51960482516967,445.68068207631086,4.372398414271556,0.7531546621998884,0.9991768557150287,0.9991768557150287,0.04556883025600135
DeepSeek V4.1 Flash,4,406,1000.6568164235292,4050.0,4093,389.65551326632385,540.1627661750507,5.03570626543903,0.7454212454212454,0.9976067175645391,0.9976067175645391,0.04765125043533332
DeepSeek V4.1 Flash,5,1,69.68650025500003,1850.0,128,14.349981651263219,15.11649481224048,1,0.7994791666666666,0.16499718817262002,0.16499718817262002,0.00583372911853193
DeepSeek V4.1 Flash,5,2,136.20977583279924,950.0,129,14.580384454075805,16.186859609126508,1,0.8046875,0.32445375641082125,0.32445375641082125,0.006671073988633067
DeepSeek V4.1 Flash,5,3,199.0296376095895,700.0,138,15.065469149696867,17.171108145573793,1.003717472118959,0.7975308641975308,0.4710126539537737,0.4710126539537737,0.008172068240745466
DeepSeek V4.1 Flash,5,4,248.76868354348946,550.0,136,15.917222429297201,19.918082271900893,1.0062578222778473,0.804726368159204,0.593414016524315,0.593414016524315,0.008423251213739708
DeepSeek V4.1 Flash,5,5,292.8795721398763,450.0,130,17.069285375183686,21.070497241392076,1.0107671601615074,0.783068783068783,0.6926990817032405,0.6926990817032405,0.009887008083222239
DeepSeek V4.1 Flash,5,6,299.21982931871923,450.0,134,20.066979844701834,24.095475371611535,1.0158730158730158,0.7981770833333334,0.702891839832666,0.702891839832666,0.010921497355473282
DeepSeek V4.1 Flash,5,7,325.9211659482444,400.0,128,21.252145683661762,25.081638689590573,1.0245231607629428,0.8018372703412073,0.7689940847661187,0.7689940847661187,0.01079684978437398
DeepSeek V4.1 Flash,5,8,344.755121815275,400.0,138,22.54819676418257,26.25200348647672,1.034263959390863,0.8137254901960784,0.8249924486212373,0.8249924486212373,0.012956219741248935
DeepSeek V4.1 Flash,5,10,407.15290294571105,350.0,141,23.950440027934697,28.880244015139283,1.0491591203104786,0.7992700729927007,0.9639928193121022,0.9639928193121022,0.012972355074016728
DeepSeek V4.1 Flash,5,15,477.82432711665797,350.0,167,30.19439936941386,35.432694680248915,1.100811123986095,0.810838445807771,0.985151016179314,0.985151016179314,0.01510302575592558
DeepSeek V4.1 Flash,5,22,535.477838719053,450.0,241,40.42388820248904,49.67523165730983,1.155247181266262,0.8019005847953217,0.9936200347234662,0.9936200347234662,0.01600797096357708
DeepSeek V4.1 Flash,5,32,601.75891070203,550.0,330,51.336813871212634,62.302521060787264,1.2356902356902357,0.8024109014675053,0.99969543110271,0.99969543110271,0.018881977408167713
DeepSeek V4.1 Flash,5,46,690.9875148612283,700.0,483,64.65805576964553,77.93566291966921,1.4366648850881882,0.8144104803493449,1.0,1.0,0.020713661218658343
DeepSeek V4.1 Flash,5,68,772.9793630692058,900.0,697,83.83819424277979,100.92596525392962,1.7000431592576608,0.7945103857566765,1.0,1.0,0.023823851993834452
DeepSeek V4.1 Flash,5,100,914.2664448901861,1150.0,1052,105.04420715252255,121.18316663821173,2.3045331266950795,0.7916249582916249,1.0,1.0,0.028001003727465463
DeepSeek V4.1 Flash,5,147,1099.3735487077172,1500.0,1557,136.92601542959653,160.5295706265346,2.9444818304172276,0.7908187984496124,1.0,1.0,0.032401147958779034
DeepSeek V4.1 Flash,5,215,1127.9277197651243,1900.0,2154,176.6358987406928,199.65262902832174,4.080546075085325,0.798818407960199,1.0,1.0,0.03344703552110801
DeepSeek V4.1 Flash,5,316,1220.0416713182062,2600.0,3198,241.93767773540503,276.85206742955353,5.1110181311018135,0.7991343379288234,1.0,1.0,0.03715310393760105
DeepSeek V4.1 Flash,5,464,1449.7675094140802,3250.0,4640,319.40302580520876,343.1010301799618,8.242105263157894,0.7968949553001277,1.0,1.0,0.0407015422388731
DeepSeek V4.1 Flash,5,547,1357.7224951798491,4050.0,5537,372.6433000803642,438.54636275201943,8.754246575342465,0.7992772265098615,1.0,1.0,0.04114740112312685
DeepSeek V4.1 Flash,6,1,70.03708793691338,1850.0,129,14.278149327121657,15.11649481224048,1,0.8449612403100775,0.13813732958990818,0.13813732958990818,0.00493311992439776
DeepSeek V4.1 Flash,6,2,137.61257380652293,950.0,129,14.549733710963176,16.36486361301893,1.0025906735751295,0.8372093023255814,0.27120669173289697,0.27120669173289697,0.00555442990125738
DeepSeek V4.1 Flash,6,3,203.66435566449647,650.0,132,14.684213269445669,16.072739344795345,1.0025906735751295,0.8372093023255814,0.403061533910426,0.403061533910426,0.007407215110999228
DeepSeek V4.1 Flash,6,4,251.15720266073973,550.0,137,15.776086869831108,18.919476946352123,1.0087609511889863,0.8284313725490197,0.4980030436444947,0.4980030436444947,0.007373661573789825
DeepSeek V4.1 Flash,6,5,306.77462154140534,450.0,137,16.2493103133666,19.359922957814156,1.0114795918367347,0.8345864661654135,0.6060355023237349,0.6060355023237349,0.008193178252342075
DeepSeek V4.1 Flash,6,6,344.3783903606461,400.0,136,17.227201710608355,21.15041602681619,1.0139949109414759,0.8631840796019901,0.6847685433787776,0.6847685433787776,0.007409621948622541
DeepSeek V4.1 Flash,6,7,372.74052403101683,400.0,147,18.76141498532193,23.46914962448082,1.0205562273276905,0.8217592592592593,0.7310747812304216,0.7310747812304216,0.009351107550945268
DeepSeek V4.1 Flash,6,8,369.43104172813764,350.0,129,20.97344192614899,25.08163868959056,1.0299319727891156,0.8528645833333334,0.7422024489177916,0.7422024489177916,0.00944408952611313
DeepSeek V4.1 Flash,6,10,435.2349371264092,300.0,129,22.67296967581643,26.694127754700332,1.0474137931034482,0.8402777777777778,0.846408317960639,0.846408317960639,0.010512531411617686
DeepSeek V4.1 Flash,6,15,525.5236384472038,300.0,155,28.163177683992632,34.448446143801746,1.065190651906519,0.8085585585585585,0.9535197058244371,0.9535197058244371,0.013325189117184007
DeepSeek V4.1 Flash,6,22,595.4065601278654,400.0,238,35.49995122290391,44.98600899142155,1.1523235800344234,0.8211206896551724,0.9849526367733104,0.9849526367733104,0.014249432497812454
DeepSeek V4.1 Flash,6,32,690.613976479034,500.0,342,45.568614069212046,55.90858526665139,1.2383146807109942,0.8307453416149069,0.996365674346471,0.996365674346471,0.01489383219259996
DeepSeek V4.1 Flash,6,46,788.1500837445752,600.0,470,55.97540443799779,70.54105560869637,1.401178361006963,0.8363028953229399,0.9981865998314093,0.9981865998314093,0.01691755625806306
DeepSeek V4.1 Flash,6,68,923.3736865733895,800.0,735,71.566736185869,86.51501519645596,1.7056332062685302,0.829782196969697,1.0,1.0,0.020611660799268086
DeepSeek V4.1 Flash,6,100,1064.534707614463,1000.0,1062,91.33113512736233,114.54883756998801,2.1850335070737157,0.8373293373293373,1.0,1.0,0.02211138580418005
DeepSeek V4.1 Flash,6,147,1284.1588130842667,1200.0,1470,114.46084317188128,131.4090885056568,2.9977341389728096,0.8328498912255258,1.0,1.0,0.025339498063903558
DeepSeek V4.1 Flash,6,215,1438.490202505534,1500.0,2150,149.1071873666937,168.50473075327443,4.027055150884495,0.8316106804478898,1.0,1.0,0.028311297898674082
DeepSeek V4.1 Flash,6,316,1479.261414711567,2150.0,3199,197.46857747015187,216.25858584412623,5.699439950217797,0.835445042762116,1.0,1.0,0.031046657364635348
DeepSeek V4.1 Flash,6,464,1655.916799628852,2950.0,4894,268.89604586167013,296.6640729621636,8.01361529548088,0.831140350877193,1.0,1.0,0.03396811401572136
DeepSeek V4.1 Flash,6,681,1701.6677801143471,4150.0,7096,387.21042911693434,499.5577601963563,9.159312587087785,0.8363599979988994,1.0,1.0,0.0334037837471912
DeepSeek V4.1 Flash,6,688,1750.5646650746996,4150.0,7282,384.1801535994504,471.9736846921978,10.1029817088449,0.8317565902931756,1.0,1.0,0.03428855794200427
DeepSeek V4.1 Flash,7,1,69.59612277559799,1850.0,128,14.36861652802623,15.11649481224048,1,0.8828125,0.11771312307459512,0.11771312307459512,0.00461340823149214
DeepSeek V4.1 Flash,7,2,137.6523720900016,950.0,130,14.53910656861815,15.922739344795227,1.001303780964798,0.8684895833333334,0.23263714123208268,0.23263714123208268,0.0050823016703532235
DeepSeek V4.1 Flash,7,3,203.01215809451185,650.0,131,14.784630421340053,16.550979873457823,1.001303780964798,0.8619791666666666,0.3432581724463102,0.3432581724463102,0.006212856939514308
DeepSeek V4.1 Flash,7,4,259.0959735226442,500.0,129,15.44103360631347,20.016167490369053,1.0040160642570282,0.88,0.4377284166658818,0.4377284166658818,0.006107015711088003
DeepSeek V4.1 Flash,7,5,309.4654899451728,450.0,138,16.166523641385105,20.396086275793134,1.0126903553299493,0.8671679197994987,0.5205974458866193,0.5205974458866193,0.008610607066015189
DeepSeek V4.1 Flash,7,6,363.80128997797175,400.0,144,16.26424821711334,19.509922957814158,1.0132850241545894,0.8767605633802817,0.6206566392090754,0.6206566392090754,0.00730480161884578
DeepSeek V4.1 Flash,7,7,402.8744985296325,350.0,140,17.167244203388417,20.81429976637727,1.0112359550561798,0.8627450980392157,0.6879329917274857,0.6879329917274857,0.009736753624046362
DeepSeek V4.1 Flash,7,8,418.78314008332177,350.0,146,18.78066324224712,22.76290509192598,1.0191846522781776,0.8427230046948356,0.7143445031194223,0.7143445031194223,0.00778576721573095
DeepSeek V4.1 Flash,7,10,447.45534416161416,300.0,134,21.846754040867523,25.773762957814178,1.034993270524899,0.8538461538461538,0.7623138994929464,0.7623138994929464,0.00921828263668804
DeepSeek V4.1 Flash,7,15,563.6909888174882,300.0,169,25.681383244565946,31.965796428936585,1.0751381215469613,0.8699186991869918,0.9291959644093105,0.9291959644093105,0.010991248846172993
DeepSeek V4.1 Flash,7,22,658.0865319799823,350.0,230,32.15082025729072,39.34052667246428,1.149822695035461,0.8742559523809523,0.9764249986757981,0.9764249986757981,0.012940643654741589
DeepSeek V4.1 Flash,7,32,761.6572046459154,450.0,344,40.64085371065174,48.62443998582375,1.2201776649746192,0.8546099290780141,0.9974298398444252,0.9974298398444252,0.014394371392986757
DeepSeek V4.1 Flash,7,46,888.9079704996248,550.0,488,50.55136527598929,62.16660894747903,1.3733401430030643,0.8563092633114515,0.9966649193094337,0.9966649193094337,0.015453785261689706
DeepSeek V4.1 Flash,7,68,1008.1967425852177,700.0,706,64.93939170367561,79.22750360558254,1.6276288659793814,0.8682399213372665,1.0,1.0,0.017939305514103606
DeepSeek V4.1 Flash,7,100,1183.4429208277509,900.0,1064,82.14710268935214,98.98355740339554,2.0310344827586206,0.8640174379611,1.0,1.0,0.019612294758607957
DeepSeek V4.1 Flash,7,147,1451.9690340072896,1050.0,1470,100.79557937103041,114.85152434052861,2.876086956521739,0.8536102868447082,1.0,1.0,0.02409347640796958
DeepSeek V4.1 Flash,7,215,1577.040024624851,1400.0,2150,130.9576636996079,147.04446440250652,3.846053062561415,0.8545553482587065,1.0,1.0,0.026144442745577583
DeepSeek V4.1 Flash,7,316,1839.8004267187748,1900.0,3470,171.40083062898492,188.21262826309473,5.5689908796704914,0.8545694664553619,1.0,1.0,0.029878418928716444
DeepSeek V4.1 Flash,7,464,1908.3418517992368,2450.0,4640,232.37112939799914,249.83516350101328,7.884833228445563,0.8546430237984134,1.0,1.0,0.03173161613198056
DeepSeek V4.1 Flash,7,681,2070.8802994313282,3550.0,7349,322.66574188817793,347.06892884930323,10.988415948275861,0.8590742101396033,1.0,1.0,0.03538011999771283
DeepSeek V4.1 Flash,7,828,2149.9947541963065,3900.0,8280,384.4869726078362,406.12309111250494,13.05841121495327,0.8582036142422615,1.0,1.0,0.035967320321988294
Qwen3.8 Flash Next,1,1,89.52279389322479,1450.0,129,11.170339491333518,11.170339491333603,1,0.0,0.9686203299534163,0.9686203299534163,0.0
Qwen3.8 Flash Next,1,2,92.81579249119963,1400.0,130,21.544969744189533,21.640678982667207,1.0118577075098814,0.0,1.0,1.0,0.0
Qwen3.8 Flash Next,1,3,114.70324422806726,1150.0,132,26.154447680965554,26.411778446684718,1.0221870047543582,0.0,1.0,1.0,0.0
Qwen3.8 Flash Next,1,4,130.4771470653246,1000.0,131,30.523196453926307,31.182877910702228,1.042483660130719,0.0,1.0,1.0,0.0
Qwen3.8 Flash Next,1,5,142.5933728932766,900.0,129,34.92458019583951,35.95397737471974,1.0542372881355933,0.0,1.0,1.0,0.0
Qwen3.8 Flash Next,1,6,151.0820395860858,850.0,129,39.2439305643909,40.32989030566883,1.0643776824034334,0.0,1.0,1.0,0.0
Qwen3.8 Flash Next,1,7,158.0458405862959,850.0,135,43.55111758530809,44.705803236617925,1.0758333333333334,0.0,1.0,1.0,0.0
Qwen3.8 Flash Next,1,8,169.38645093931828,800.0,136,47.27867761044169,48.6865296344986,1.1063094209161626,0.0,1.0,1.0,0.0
Qwen3.8 Flash Next,1,10,177.12600219911977,750.0,134,55.32538233974783,56.647982430259944,1.1288288288288288,0.0,1.0,1.0,0.0
Qwen3.8 Flash Next,1,15,203.29250180940465,750.0,150,73.49550523059973,75.36605482045817,1.2,0.0,1.0,1.0,0.0
Qwen3.8 Flash Next,1,22,220.97949922116277,1000.0,222,96.67499502201662,100.46483387414396,1.315994798439532,0.0,1.0,1.0,0.0
Qwen3.8 Flash Next,1,32,258.37727364401724,1250.0,320,123.90341676623743,126.83575572862458,1.4784394250513346,0.0,1.0,1.0,0.0
Qwen3.8 Flash Next,1,46,296.9602861368752,1550.0,460,154.8121850840636,158.8547333148489,1.7293233082706767,0.0,1.0,1.0,0.0
Qwen3.8 Flash Next,1,68,351.1465192894087,1950.0,680,193.40081400006858,197.82277050080847,2.135380321004885,0.0,1.0,1.0,0.0
Qwen3.8 Flash Next,1,100,423.60407074267124,2400.0,1000,236.02646579617283,242.21684328862187,2.7820710973724885,0.0,1.0,1.0,0.0
Qwen3.8 Flash Next,1,102,427.8334709815538,2400.0,1020,238.32356106516318,245.0408711544944,2.8237465395262995,0.0,1.0,1.0,0.0
Qwen3.8 Flash Next,2,1,71.6749078046461,1800.0,129,13.951884008355545,15.245502425196648,1,0.47265625,0.387776468725216,0.387776468725216,0.01320746488270528
Qwen3.8 Flash Next,2,2,138.529775577102,950.0,130,14.443022545938955,16.035875491333602,1.003093580819799,0.49923076923076926,0.7499980523909346,0.7499980523909346,0.022916408318572414
Qwen3.8 Flash Next,2,3,149.3829026909131,900.0,132,20.074384947386125,24.53028231732461,1.0114942528735633,0.5037878787878788,0.8039276975206306,0.8039276975206306,0.02286615097364767
Qwen3.8 Flash Next,2,4,186.40099605881565,700.0,128,21.409499979827412,25.02546885039296,1.0250403877221326,0.4953125,0.9708480268234484,0.9708480268234484,0.03038232445326999
Qwen3.8 Flash Next,2,5,202.19750673232326,650.0,128,24.693160759228668,29.299526209452765,1.035159443990188,0.50390625,0.958283665836136,0.958283665836136,0.03228477938701113
Qwen3.8 Flash Next,2,6,230.97332768344984,600.0,137,25.72426716683425,29.71845724429929,1.0489731437598737,0.48814814814814816,0.9881382969198815,0.9881382969198815,0.03672092790769676
Qwen3.8 Flash Next,2,7,241.7489795048257,550.0,131,28.809330966360108,33.55399710911274,1.054759898904802,0.48372093023255813,0.9993846691531485,0.9993846691531485,0.037078658066423714
Qwen3.8 Flash Next,2,8,257.5660379459058,550.0,142,30.745417068188836,37.23211793801707,1.0636792452830188,0.5197080291970803,0.9959965726946634,0.9959965726946634,0.04403081929000191
Qwen3.8 Flash Next,2,10,296.67743233709075,450.0,134,32.76291541891794,40.69621577153892,1.1091549295774648,0.4930232558139535,0.9989955508172896,0.9989955508172896,0.04843454939807533
Qwen3.8 Flash Next,2,15,330.9217463082335,450.0,150,43.21925694749912,51.45283536597601,1.17206132879046,0.5287671232876713,0.9996954990425233,0.9996954990425233,0.05467882281278885
Qwen3.8 Flash Next,2,22,409.0569837861829,550.0,220,53.35587533621219,67.04420259802276,1.300983606557377,0.4940909090909091,1.0,1.0,0.06640157050363425
Qwen3.8 Flash Next,2,32,460.39456267660023,700.0,320,66.88153576628838,86.09772028050196,1.4441132637853948,0.4987421383647799,1.0,1.0,0.07693467677685976
Qwen3.8 Flash Next,2,46,547.6151212267272,850.0,460,82.93466018230055,106.63358863754952,1.7093311312964492,0.49061032863849763,1.0,1.0,0.08797307691239731
Qwen3.8 Flash Next,2,68,660.8015050310586,1050.0,680,102.37836287757466,133.24923039210685,2.1016483516483517,0.5100946372239747,1.0,1.0,0.10026277869724068
Qwen3.8 Flash Next,2,100,804.0341282204541,1250.0,1000,123.27385262113847,167.9939318442086,2.6970332634102485,0.4968888888888889,1.0,1.0,0.12055738490273664
Qwen3.8 Flash Next,2,147,964.2418480426778,1550.0,1470,151.26352725635607,195.57901937288665,3.578577224776846,0.4987906273620559,1.0,1.0,0.14243605757151775
Qwen3.8 Flash Next,2,215,1078.646628824752,2000.0,2168,185.98626947595582,235.8916528843838,4.782404140202305,0.49846440204746395,1.0,1.0,0.1755091405036738
Qwen3.8 Flash Next,2,316,1285.3799428931811,2500.0,3227,229.144058500536,251.82728384738482,7.205039297272307,0.5020576131687243,1.0,1.0,0.20848033941735394
Qwen3.8 Flash Next,2,464,1554.6564342219451,3000.0,4640,298.84367715139206,318.04875717701196,9.50603232415206,0.50102969348659,1.0,1.0,0.23529283133635923
Qwen3.8 Flash Next,2,571,1671.3453036430064,3450.0,5710,341.7720560409154,362.4743784083019,12.580171358629132,0.501595641175326,1.0,1.0,0.2530979621263858
Qwen3.8 Flash Next,3,1,66.89648288466543,1950.0,130,14.948468990874678,16.097524292923094,1,0.7015384615384616,0.24160012973431452,0.24160012973431452,0.009645932986398462
Qwen3.8 Flash Next,3,2,131.0504924370552,1000.0,131,15.179225052582177,17.033083892128147,1.002313030069391,0.6592307692307692,0.47556982729608815,0.47556982729608815,0.011931467754457838
Qwen3.8 Flash Next,3,3,191.54477313056785,700.0,134,15.544852162222485,17.828270425196767,1.0038022813688212,0.6583333333333333,0.6956159399538587,0.6956159399538587,0.014643215978153741
Qwen3.8 Flash Next,3,4,203.80918018453636,650.0,133,19.366790569102584,23.111184986640723,1.0132605304212168,0.6916030534351145,0.7418142833024285,0.7418142833024285,0.018374582102478526
Qwen3.8 Flash Next,3,5,233.5241286685225,550.0,129,21.263216273200037,25.54395298664075,1.0172272354388843,0.6608,0.8302325584820968,0.8302325584820968,0.018632648871542302
Qwen3.8 Flash Next,3,6,267.4443520749242,500.0,132,22.342350882622682,25.654193114940107,1.0471464019851116,0.6793893129770993,0.9464269081170427,0.9464269081170427,0.020239973170934254
Qwen3.8 Flash Next,3,7,284.3224377942678,450.0,128,24.26836767300319,29.266758209453464,1.0474978795589482,0.6661290322580645,0.9595044678796887,0.9595044678796887,0.023678721354198594
Qwen3.8 Flash Next,3,8,314.70255472963976,450.0,141,24.97130161398556,30.001244978692615,1.0635294117647058,0.6620437956204379,0.9620229570979631,0.9620229570979631,0.02502938632828572
Qwen3.8 Flash Next,3,10,347.2105842531193,400.0,140,28.451210966036616,34.81902397248665,1.0825763831544177,0.6917293233082706,0.9889188003239303,0.9889188003239303,0.027742648841655643
Qwen3.8 Flash Next,3,15,429.6867968468631,350.0,150,33.59361519712564,39.953403432265134,1.1439144736842106,0.6671140939597315,0.997208861713259,0.997208861713259,0.033292747045592694
Qwen3.8 Flash Next,3,22,546.5948698773623,450.0,242,39.915421329601564,48.84075940018141,1.2708933717579252,0.6820175438596491,0.9942010976680565,0.9942010976680565,0.040268238588279874
Qwen3.8 Flash Next,3,32,609.003267071537,550.0,335,50.96728144104431,63.64175356609064,1.4,0.6618296529968454,1.0,1.0,0.044196161194965666
Qwen3.8 Flash Next,3,46,709.5096397903478,650.0,463,62.33605709216424,72.89435752344512,1.5931501693639443,0.6697986577181209,1.0,1.0,0.05153293872958089
Qwen3.8 Flash Next,3,68,928.1617786485812,750.0,680,72.47456958135422,89.3606619168253,2.084468664850136,0.6687402799377916,1.0,1.0,0.06462691175017161
Qwen3.8 Flash Next,3,100,1141.4297532816543,900.0,1000,87.14320958898595,101.49002214504904,2.722323049001815,0.6673404255319149,1.0,1.0,0.07924421318423784
Qwen3.8 Flash Next,3,147,1404.607928911171,1100.0,1470,104.72189752881623,123.63864307334917,3.6585568150400887,0.6735537190082644,1.0,1.0,0.09867018548005478
Qwen3.8 Flash Next,3,215,1694.305319921566,1300.0,2150,126.59433584308836,149.20308640058983,5.048265066527524,0.6688888888888889,1.0,1.0,0.11472056813874493
Qwen3.8 Flash Next,3,316,1865.2228206199277,1700.0,3179,157.36148576589625,185.89233036002756,6.9176497802452,0.663184552073441,1.0,1.0,0.13911421162167162
Qwen3.8 Flash Next,3,464,2323.2647824732035,2050.0,4640,199.63361432936063,214.29825453736686,10.055381651817964,0.6681752873563218,1.0,1.0,0.1592941699564989
Qwen3.8 Flash Next,3,681,2560.6423583220376,2700.0,6810,265.9906807556571,279.201165203502,13.194833153928956,0.6648066568771415,1.0,1.0,0.1755020684740193
Qwen3.8 Flash Next,3,1000,2795.229545588528,3600.0,10000,357.59319247757924,370.5184924282341,19.810697776799472,0.6659666666666667,1.0,1.0,0.1938410107123078
Qwen3.8 Flash Next,3,1040,2810.291724949585,3750.0,10400,370.12696148106374,383.2788948660755,20.18111254851229,0.6640811965811966,1.0,1.0,0.1945045078546631
Qwen3.8 Flash Next,4,1,67.85567145944947,1900.0,128,14.737161662273135,16.097524292922973,1,0.753125,0.18371739668246434,0.18371739668246434,0.007215350771268481
Qwen3.8 Flash Next,4,2,132.4053138254973,1000.0,132,15.101619824292735,16.492710825991512,1.005413766434648,0.7615384615384615,0.3578536077434549,0.3578536077434549,0.009824713565288237
Qwen3.8 Flash Next,4,3,196.36420019333383,700.0,137,15.186931313771117,17.28308389212812,1.0052122114668651,0.7429629629629629,0.5336212293180245,0.5336212293180245,0.011409950008615886
Qwen3.8 Flash Next,4,4,253.50583056158246,550.0,136,15.777167498610332,18.135105759854593,1.0089020771513353,0.7411764705882353,0.6864961156463231,0.6864961156463231,0.012372908401204884
Qwen3.8 Flash Next,4,5,262.0498940082794,500.0,129,19.01864393139925,22.438024186110855,1.016142050040355,0.7421875,0.7050901382884726,0.7050901382884726,0.014234041062319914
Qwen3.8 Flash Next,4,6,290.00195262624015,450.0,130,20.259023999540013,24.468633515735625,1.0272873194221508,0.753125,0.7766870158603743,0.7766870158603743,0.016416059521625285
Qwen3.8 Flash Next,4,7,319.2845267925988,450.0,140,21.89642960001241,25.815841916529774,1.044241037376049,0.7371428571428571,0.8453013247860692,0.8453013247860692,0.015590524432630953
Qwen3.8 Flash Next,4,8,357.78896336095164,400.0,143,22.15906757161783,25.48230418505144,1.0616705698672912,0.7639705882352941,0.9382086493759785,0.9382086493759785,0.01687126863924151
Qwen3.8 Flash Next,4,10,389.7130676797356,350.0,137,25.301850208708114,31.269764210778476,1.0652892561983471,0.7507692307692307,0.9171420334726577,0.9171420334726577,0.02007678787382763
Qwen3.8 Flash Next,4,15,458.09584281510723,350.0,161,31.809583610602203,37.382421036503864,1.1125281320330083,0.7628205128205128,0.9772430634218217,0.9772430634218217,0.022515937502916063
Qwen3.8 Flash Next,4,22,590.8666925852373,400.0,238,35.798264985232564,42.701009504079344,1.1789137380191694,0.7469565217391304,0.9984945955558928,0.9984945955558928,0.02790047494012883
Qwen3.8 Flash Next,4,32,740.0676646760367,450.0,333,42.2711498554026,50.65089593139541,1.3769092542677448,0.7543973941368078,0.9995832544761376,0.9995832544761376,0.0339043670500518
Qwen3.8 Flash Next,4,46,893.8136981429095,550.0,491,49.85349950216986,58.68163722999258,1.5683921837504284,0.7542483660130719,0.9999530918403154,0.9999530918403154,0.04042560047971682
Qwen3.8 Flash Next,4,68,1138.112562441776,600.0,680,59.329440987449665,68.2217453283292,2.0178041543026706,0.75,1.0,1.0,0.050908762287760374
Qwen3.8 Flash Next,4,100,1347.2065668300431,750.0,1010,69.89476292728911,81.97765002151412,2.6340996168582373,0.7568,1.0,1.0,0.06540377796537085
Qwen3.8 Flash Next,4,147,1759.3528023993968,850.0,1470,83.1890307420035,94.51311655140722,3.537433155080214,0.7513983371126228,1.0,1.0,0.07641716523023873
Qwen3.8 Flash Next,4,215,2155.170439477166,1000.0,2150,99.27326104200803,112.81602948341596,4.919908466819222,0.7467700258397932,1.0,1.0,0.09837499896042778
Qwen3.8 Flash Next,4,316,2593.8776072178493,1250.0,3160,121.49799630761723,134.84874814743353,6.962056303549572,0.749929676511955,1.0,1.0,0.11719609325531545
Qwen3.8 Flash Next,4,464,3010.9305692029843,1700.0,5090,153.83390604119367,171.95739094769834,9.775993237531699,0.7508862948551664,1.0,1.0,0.1380690141664872
Qwen3.8 Flash Next,4,681,3401.6702009224955,2050.0,6810,200.3473435201611,211.56382054928793,13.769939339474275,0.7488007831620166,1.0,1.0,0.15337303329616025
Qwen3.8 Flash Next,4,1000,3679.8511503962527,2750.0,10000,271.57819302285804,281.977832145844,18.0324584251653,0.7512,1.0,1.0,0.16704017989681189
Qwen3.8 Flash Next,4,1468,3937.4542094622434,3750.0,14680,372.99537153373444,383.62337191830517,26.952264381884945,0.751158038147139,1.0,1.0,0.17762492683628398
Qwen3.8 Flash Next,4,1508,3944.933985707995,3850.0,15080,382.2410178846218,392.4254733153844,27.15486194477791,0.751657824933687,1.0,1.0,0.1769849607582494
Qwen3.8 Flash Next,5,1,67.40869427273385,1900.0,128,14.834881624527922,15.702337759854675,1,0.7952755905511811,0.14588541562646395,0.14588541562646395,0.005215916220194083
Qwen3.8 Flash Next,5,2,132.3076555481428,1000.0,132,15.111320296250636,16.304359627581018,1.0015408320493067,0.7923076923076923,0.2864737976855933,0.2864737976855933,0.0067580207239962865
Qwen3.8 Flash Next,5,3,196.3596930994277,700.0,135,15.27619064429369,17.28308389212835,1.0052122114668651,0.797037037037037,0.42584814942477306,0.42584814942477306,0.007718495594063687
Qwen3.8 Flash Next,5,4,256.68908679793384,550.0,140,15.572695142391222,17.711038425196513,1.0096510764662212,0.8161764705882353,0.5552015041752352,0.5552015041752352,0.009664411039747097
Qwen3.8 Flash Next,5,5,308.00744125845273,450.0,135,16.187638121678734,18.863830024401665,1.0097965335342878,0.8007407407407408,0.6695274234649643,0.6695274234649643,0.00933990992591764
Qwen3.8 Flash Next,5,6,308.91988757991993,450.0,139,19.18323939920592,22.949536185051162,1.0243716679360244,0.7919117647058823,0.6731802642751188,0.6731802642751188,0.010260516996869862
Qwen3.8 Flash Next,5,7,342.0913918256803,400.0,133,20.445688287126313,23.44472271811986,1.0310015898251192,0.8121212121212121,0.7351455419090056,0.7351455419090056,0.012393181205070446
Qwen3.8 Flash Next,5,8,370.3646936050425,350.0,128,21.574037917333012,25.08711765198302,1.0458874458874459,0.796,0.7829701071101859,0.7829701071101859,0.014004193447913468
Qwen3.8 Flash Next,5,10,448.2614438655736,300.0,130,22.284574708506433,24.86382004880333,1.0796847635726796,0.7815384615384615,0.9399172568826207,0.9399172568826207,0.014164415626098463
Qwen3.8 Flash Next,5,15,570.7122449469301,300.0,165,26.051124341788057,30.363643777367905,1.136231884057971,0.7975757575757576,0.9818463095599024,0.9818463095599024,0.018101850759947472
Qwen3.8 Flash Next,5,22,654.9282632777154,350.0,230,32.282517182293816,39.74539093631655,1.1828193832599119,0.7887892376681614,0.9895873846986805,0.9895873846986805,0.021067021437545838
Qwen3.8 Flash Next,5,32,846.1086222001892,400.0,339,37.04405424916988,44.41264417392391,1.31932059447983,0.8009316770186335,0.9998121595423909,0.9998121595423909,0.024200690660367615
Qwen3.8 Flash Next,5,46,1009.9050073152185,500.0,503,44.15238250893054,54.030702323976875,1.5236705577172502,0.8057259713701431,1.0,1.0,0.030809647667027082
Qwen3.8 Flash Next,5,68,1361.1587161035413,500.0,680,49.40840038600195,57.096984164917885,1.9980411361410382,0.8011382113821138,1.0,1.0,0.038525920666356864
Qwen3.8 Flash Next,5,100,1708.8951976997432,600.0,1000,58.229172107139085,67.21144296200087,2.6416201937188144,0.8055555555555556,1.0,1.0,0.04834273958819942
Qwen3.8 Flash Next,5,147,1989.696126226483,750.0,1497,69.0665740451727,80.05162562495836,3.541320293398533,0.80142954390742,1.0,1.0,0.05939456245315142
Qwen3.8 Flash Next,5,215,2618.695009653829,850.0,2150,81.99607453522854,92.376812557765,4.8802017654476675,0.803698224852071,1.0,1.0,0.072164308980775
Qwen3.8 Flash Next,5,316,2790.399961352549,1200.0,3374,109.84622573609985,135.26316577898842,5.48216178028965,0.8019632678910703,1.0,1.0,0.07932103886466281
Qwen3.8 Flash Next,5,464,3705.5243065207233,1300.0,4640,125.04491520735131,136.7298454844755,9.870007090522336,0.8010536398467433,1.0,1.0,0.09839161011830923
Qwen3.8 Flash Next,5,681,3915.04299445308,1750.0,6810,161.64628101237764,171.904172292688,14.212737430167598,0.7988250844470554,1.0,1.0,0.11050815078526689
Qwen3.8 Flash Next,5,1000,4595.723815019129,2200.0,10000,217.4714412770276,226.03533434617256,19.01944209636517,0.7992555555555556,1.0,1.0,0.12174012682746076
Qwen3.8 Flash Next,5,1468,4912.704884946297,3000.0,14680,298.7335599861847,307.5427670048752,29.17844522968198,0.7980623675446564,1.0,1.0,0.1323279723190657
Qwen3.8 Flash Next,5,1977,5098.564652382035,3900.0,19770,387.7625375801908,397.001433186512,41.55301261092947,0.8010116337885685,1.0,1.0,0.1369118298179455
Qwen3.8 Flash Next,6,1,67.36940976815293,1900.0,128,14.84353215267032,15.702337759854675,1,0.8362204724409449,0.12152283302736856,0.12152283302736856,0.004897666275952229
Qwen3.8 Flash Next,6,2,132.5491444097574,1000.0,131,15.092932128096932,17.489919226786196,1,0.833587786259542,0.2396178445559545,0.2396178445559545,0.005559553994617635
Qwen3.8 Flash Next,6,3,196.07254193129037,700.0,137,15.275660006709984,17.489919226786196,1.0075187969924813,0.832089552238806,0.3535208269839689,0.3535208269839689,0.006180811080746112
Qwen3.8 Flash Next,6,4,246.4183727511614,550.0,135,16.190478716601937,19.888043920504092,1.0084680523479599,0.8488549618320611,0.4449176941950461,0.4449176941950461,0.006453877116943503
Qwen3.8 Flash Next,6,5,317.37811213900517,450.0,140,15.753627352260063,17.344732693717837,1.0074128984432913,0.8517985611510791,0.5727922084900593,0.5727922084900593,0.008110108190602379
Qwen3.8 Flash Next,6,6,372.07385866392457,400.0,144,16.146774156371023,18.552181222812028,1.0148409893992933,0.8326388888888889,0.6703250328220646,0.6703250328220646,0.009361516266144345
Qwen3.8 Flash Next,6,7,367.3991821091426,400.0,143,19.017586096442162,22.555455226786165,1.0223826714801445,0.8391608391608392,0.6630263998968473,0.6630263998968473,0.01004860002879714
Qwen3.8 Flash Next,6,8,384.7333539993121,350.0,134,20.329743699762666,24.491161387435675,1.024428684003152,0.8424242424242424,0.7040210087589324,0.7040210087589324,0.009819135230865644
Qwen3.8 Flash Next,6,10,458.09732498241283,300.0,138,21.5917652527729,25.025468850392997,1.0577705451586656,0.83,0.804530277007569,0.804530277007569,0.01043210666388091
Qwen3.8 Flash Next,6,15,543.1783688903259,300.0,165,26.55327952569638,31.99283743623905,1.1022727272727273,0.824375,0.9178024113703867,0.9178024113703867,0.012532346307771558
Qwen3.8 Flash Next,6,22,708.2372530922559,350.0,249,29.951658939833653,37.68895327267514,1.1709870388833499,0.8155737704918032,0.979540150567554,0.979540150567554,0.01493995053051174
Qwen3.8 Flash Next,6,32,923.9777731230386,350.0,320,33.593212325716706,41.11842753430939,1.3072155821159805,0.8395498392282958,0.9911359953724269,0.9911359953724269,0.019525103810629156
Qwen3.8 Flash Next,6,46,1127.1353117874348,450.0,506,39.07025766707387,46.07052700150442,1.5167192429022083,0.8315369261477046,0.9994280221634352,0.9994280221634352,0.024755466450278797
Qwen3.8 Flash Next,6,68,1528.2172521122154,450.0,680,43.574111633827435,51.3623254971889,1.9863680623174294,0.8269817073170732,0.99967041140677,0.99967041140677,0.03160096428947382
Qwen3.8 Flash Next,6,100,1843.0868179000233,550.0,1017,50.913671717119364,57.708173330975654,2.600106072659772,0.8326326326326327,1.0,1.0,0.037773626813271254
Qwen3.8 Flash Next,6,147,2305.349326413635,650.0,1503,59.769898595502106,68.2865197673024,3.5072463768115942,0.8389115646258504,1.0,1.0,0.0493007215488093
Qwen3.8 Flash Next,6,215,3022.1213829165144,750.0,2150,70.99802683977408,80.41402442363679,4.763787213274768,0.8337209302325581,1.0,1.0,0.05757716882129298
Qwen3.8 Flash Next,6,316,3330.0061382876493,950.0,3185,90.61528542124601,116.19754102590811,6.093013642000827,0.8303120849933598,1.0,1.0,0.06757229827409549
Qwen3.8 Flash Next,6,464,4331.030110203791,1100.0,4640,107.14072910323826,115.88370149295294,9.62655601659751,0.8363505747126436,1.0,1.0,0.08118257656385017
Qwen3.8 Flash Next,6,681,4875.553812318226,1550.0,7462,139.4526818313153,157.0196503192094,12.997891508529806,0.8338298186108244,1.0,1.0,0.0895627069116662
Qwen3.8 Flash Next,6,1000,5484.027138570298,1850.0,10000,182.31185481479622,189.9443289734485,19.55246578318488,0.8332444444444445,1.0,1.0,0.10034424827645369
Qwen3.8 Flash Next,6,1468,5862.901894410229,2550.0,14680,250.49071856115475,257.335373384511,25.654368932038835,0.8326142900393582,1.0,1.0,0.10643667231860689
Qwen3.8 Flash Next,6,2154,6131.527988139621,3550.0,21540,351.22309606525505,358.8968005977893,38.319826052579565,0.834303105333746,1.0,1.0,0.11256962334252661
Qwen3.8 Flash Next,6,2446,6189.17145942963,4000.0,24460,395.2960151323165,404.2481714250548,48.62823061630219,0.833901153811211,1.0,1.0,0.1139179060265671
Qwen3.8 Flash Next,7,1,66.33910492209075,1950.0,129,15.074065306946922,15.702337759854675,1,0.8705426356589148,0.10266728084748426,0.10266728084748426,0.00397602055493349
Qwen3.8 Flash Next,7,2,132.12096567763356,1000.0,132,15.107886548753966,16.554359627581,1.0007698229407236,0.8523076923076923,0.20477877881372425,0.20477877881372425,0.004658833468441852
Qwen3.8 Flash Next,7,3,195.53309700957894,700.0,135,15.313998466965481,16.492710825991512,1.0007468259895445,0.8651851851851852,0.30367897726505616,0.30367897726505616,0.005318372325293166
Qwen3.8 Flash Next,7,4,259.96691792471273,500.0,128,15.392770605678823,16.88789735905993,1.0048465266558966,0.8637795275590551,0.4027333054324865,0.4027333054324865,0.0065007478943013685
Qwen3.8 Flash Next,7,5,318.9986624896788,450.0,140,15.669562267780291,17.450159355085628,1.0108853410740204,0.8664285714285714,0.4945290403022467,0.4945290403022467,0.006582166562921912
Qwen3.8 Flash Next,7,6,368.5996661282434,400.0,144,16.2137787249486,20.616768185051054,1.0120824449182657,0.8541666666666666,0.5732336388971445,0.5732336388971445,0.007099081394849576
Qwen3.8 Flash Next,7,7,422.66989275253695,350.0,147,16.35822377878265,18.61383002440168,1.018881626724764,0.8552447552447553,0.6588192037582241,0.6588192037582241,0.007709388417783599
Qwen3.8 Flash Next,7,8,418.4483802923063,350.0,146,18.82758521683268,22.060268693717777,1.0256222547584188,0.8652482269503546,0.6521862655603256,0.6521862655603256,0.008906064233989671
Qwen3.8 Flash Next,7,10,470.61629608907606,300.0,140,21.212779749045136,23.83990925118783,1.0499194847020934,0.8488721804511278,0.7193071916984144,0.7193071916984144,0.010666536027114188
Qwen3.8 Flash Next,7,15,630.7738551077239,250.0,150,23.49690080467914,27.234939247213692,1.1223076923076922,0.8693333333333333,0.9195636654063636,0.9195636654063636,0.01168285867921412
Qwen3.8 Flash Next,7,22,753.0058655433337,300.0,227,27.81592815509868,32.48987954119641,1.1794310722100656,0.8648401826484018,0.9615739981349009,0.9615739981349009,0.01283492131408267
Qwen3.8 Flash Next,7,32,981.9808428170198,350.0,346,31.675098634262895,37.045120172333775,1.3125,0.8637770897832817,0.9914864581149746,0.9914864581149746,0.01751125565204202
Qwen3.8 Flash Next,7,46,1228.6483105447583,400.0,494,36.5165655383794,43.627933437300086,1.4431385006353241,0.8475268817204301,0.9980202223518054,0.9980202223518054,0.01920222204537909
Qwen3.8 Flash Next,7,68,1600.0329301841025,450.0,721,41.10196488065496,46.89775826934299,1.8939563514269726,0.8546391752577319,0.9999076897690633,0.9999076897690633,0.027357390299877462
Qwen3.8 Flash Next,7,100,2033.1216587417666,500.0,1016,46.30461320905905,53.024215432755945,2.5170907221793883,0.8595573440643863,1.0,1.0,0.03260940969743841
Qwen3.8 Flash Next,7,147,2714.4188299127977,550.0,1470,53.7144566161516,60.31578003714579,3.356164383561644,0.8581640331075997,1.0,1.0,0.04014366085972306
Qwen3.8 Flash Next,7,215,3386.230083593428,650.0,2150,63.242774174309496,70.89636110328472,4.648090319481144,0.8572653884964682,1.0,1.0,0.05361293239877755
Qwen3.8 Flash Next,7,316,4142.860706835474,800.0,3160,76.12337158389717,84.62522083237923,6.543948458352508,0.8550163934426229,1.0,1.0,0.06068145415140897
Qwen3.8 Flash Next,7,464,4915.159726595912,950.0,4640,94.21772668345513,102.4091916326443,9.35064935064935,0.8572557471264368,1.0,1.0,0.07639685034645688
Qwen3.8 Flash Next,7,681,5647.307188623611,1250.0,6810,120.43674257019167,128.01965603025997,13.321017170180395,0.8607276880404634,1.0,1.0,0.08706666625248867
Qwen3.8 Flash Next,7,1000,6311.547443196688,1600.0,10000,158.26984563251946,165.58265994293834,19.313304721030043,0.8569777777777777,1.0,1.0,0.09802812433672352
Qwen3.8 Flash Next,7,1468,6796.152491882929,2200.0,14680,216.07719244870373,223.00139635027122,25.85518590998043,0.8573493793521042,1.0,1.0,0.10381503770397552
Qwen3.8 Flash Next,7,2154,7114.525950790855,3050.0,21540,302.9525799970217,311.1100045860853,39.474648747709224,0.8570411637264005,1.0,1.0,0.10891662305247306
Qwen3.8 Flash Next,7,2915,7254.686623384841,4050.0,29150,401.58870489843656,411.86915111912225,53.85957708889345,0.8575681341719078,1.0,1.0,0.11049222190760428
