scenario,system_prefix_duplicate_fraction,family_context_duplicate_fraction,effective_context_tokens_per_agent,model,node_count,agent_count,tokens_per_second,mean_token_latency_ms,p95_token_latency_ms,mean_expert_batch_size,maximum_network_link_busy_fraction
independent,0.0,0.0,100000.0,DeepSeek V4.1 Flash,7,1,69.59612277559799,14.36861652802623,15.11649481224048,1.0,0.00461340823149214
independent,0.0,0.0,100000.0,DeepSeek V4.1 Flash,7,2,137.6523720900016,14.53910656861815,15.922739344795227,1.001303780964798,0.0050823016703532235
independent,0.0,0.0,100000.0,DeepSeek V4.1 Flash,7,3,203.01215809451185,14.784630421340053,16.550979873457823,1.001303780964798,0.006212856939514308
independent,0.0,0.0,100000.0,DeepSeek V4.1 Flash,7,4,259.0959735226442,15.44103360631347,20.016167490369053,1.0040160642570282,0.006107015711088003
independent,0.0,0.0,100000.0,DeepSeek V4.1 Flash,7,5,309.4654899451728,16.166523641385105,20.396086275793134,1.0126903553299493,0.008610607066015189
independent,0.0,0.0,100000.0,DeepSeek V4.1 Flash,7,6,363.80128997797175,16.26424821711334,19.509922957814158,1.0132850241545894,0.00730480161884578
independent,0.0,0.0,100000.0,DeepSeek V4.1 Flash,7,7,402.8744985296325,17.167244203388417,20.81429976637727,1.0112359550561798,0.009736753624046362
independent,0.0,0.0,100000.0,DeepSeek V4.1 Flash,7,8,418.78314008332177,18.78066324224712,22.76290509192598,1.0191846522781776,0.00778576721573095
independent,0.0,0.0,100000.0,DeepSeek V4.1 Flash,7,10,447.45534416161416,21.846754040867523,25.773762957814178,1.034993270524899,0.00921828263668804
independent,0.0,0.0,100000.0,DeepSeek V4.1 Flash,7,15,563.6909888174882,25.681383244565946,31.965796428936585,1.0751381215469613,0.010991248846172993
independent,0.0,0.0,100000.0,DeepSeek V4.1 Flash,7,22,658.0865319799823,32.15082025729072,39.34052667246428,1.149822695035461,0.012940643654741589
independent,0.0,0.0,100000.0,DeepSeek V4.1 Flash,7,32,761.6572046459154,40.64085371065174,48.62443998582375,1.2201776649746192,0.014394371392986757
independent,0.0,0.0,100000.0,DeepSeek V4.1 Flash,7,46,888.9079704996248,50.55136527598929,62.16660894747903,1.3733401430030643,0.015453785261689706
independent,0.0,0.0,100000.0,DeepSeek V4.1 Flash,7,68,1008.1967425852177,64.93939170367561,79.22750360558254,1.6276288659793814,0.017939305514103606
independent,0.0,0.0,100000.0,DeepSeek V4.1 Flash,7,100,1183.4429208277509,82.14710268935214,98.98355740339554,2.0310344827586206,0.019612294758607957
independent,0.0,0.0,100000.0,DeepSeek V4.1 Flash,7,147,1451.9690340072896,100.79557937103041,114.85152434052861,2.876086956521739,0.02409347640796958
independent,0.0,0.0,100000.0,DeepSeek V4.1 Flash,7,215,1577.040024624851,130.9576636996079,147.04446440250652,3.846053062561415,0.026144442745577583
independent,0.0,0.0,100000.0,DeepSeek V4.1 Flash,7,316,1839.8004267187748,171.40083062898492,188.21262826309473,5.5689908796704914,0.029878418928716444
independent,0.0,0.0,100000.0,DeepSeek V4.1 Flash,7,464,1908.3418517992368,232.37112939799914,249.83516350101328,7.884833228445563,0.03173161613198056
independent,0.0,0.0,100000.0,DeepSeek V4.1 Flash,7,681,2070.8802994313282,322.66574188817793,347.06892884930323,10.988415948275861,0.03538011999771283
independent,0.0,0.0,100000.0,DeepSeek V4.1 Flash,7,828,2149.9947541963065,384.4869726078362,406.12309111250494,13.05841121495327,0.035967320321988294
system-90-family-70,0.9,0.7,100000.0,DeepSeek V4.1 Flash,7,1,69.59612277559799,14.36861652802623,15.11649481224048,1,0.00461340823149214
system-90-family-70,0.9,0.7,77000.0,DeepSeek V4.1 Flash,7,2,143.96795171729804,13.90188834252894,15.294686011461913,1.001303780964798,0.005365666833233178
system-90-family-70,0.9,0.7,69333.33333333333,DeepSeek V4.1 Flash,7,3,215.13797150689442,13.93808981506422,15.6415703306835,1.0013351134846462,0.0064554290967576
system-90-family-70,0.9,0.7,65500.0,DeepSeek V4.1 Flash,7,4,277.71104351919956,14.400179487278079,18.132007490369052,1.0050377833753148,0.006546615765206151
system-90-family-70,0.9,0.7,63200.0,DeepSeek V4.1 Flash,7,5,333.2844444568819,14.93512653632294,18.334400827594727,1.0065530799475753,0.009714134300403552
system-90-family-70,0.9,0.7,61666.66666666667,DeepSeek V4.1 Flash,7,6,394.0952080630559,15.085344044752853,17.850971021681406,1.0141388174807198,0.00788779834935251
system-90-family-70,0.9,0.7,60571.42857142857,DeepSeek V4.1 Flash,7,7,429.44765156618155,15.863142548193943,19.147066906816274,1.0134228187919463,0.009101997542031838
system-90-family-70,0.9,0.7,59750.0,DeepSeek V4.1 Flash,7,8,461.22129587953384,17.368593732257523,21.526435900274038,1.0170603674540681,0.010308769299336303
system-90-family-70,0.9,0.7,58600.0,DeepSeek V4.1 Flash,7,10,504.10982328057867,19.609779090333124,23.813007482584357,1.0236966824644549,0.011326746429240555
system-90-family-70,0.9,0.7,57066.66666666667,DeepSeek V4.1 Flash,7,15,637.9997278499646,23.104143766305736,29.186880710029527,1.0576923076923077,0.013796820592060178
system-90-family-70,0.9,0.7,56090.90909090909,DeepSeek V4.1 Flash,7,22,719.6540758507615,28.889445312766014,35.93357509716017,1.1325648414985592,0.015409435266887744
system-90-family-70,0.9,0.7,55437.5,DeepSeek V4.1 Flash,7,32,878.5911322706569,34.87267116429668,41.66794904475489,1.2209660842754368,0.016689378721537904
system-90-family-70,0.9,0.7,55266.30434782609,DeepSeek V4.1 Flash,7,46,1101.1714062258582,41.23845605964949,50.25283533653125,1.3986765922249793,0.02023297193677863
system-90-family-70,0.9,0.7,55139.70588235294,DeepSeek V4.1 Flash,7,68,1228.086854808616,52.228267949931464,63.28159275251347,1.6410071942446043,0.024150890060855818
system-90-family-70,0.9,0.7,55055.0,DeepSeek V4.1 Flash,7,100,1524.6536864193247,62.84047525008664,74.5086697412512,2.124123422159888,0.025635454088011784
system-90-family-70,0.9,0.7,55015.625,DeepSeek V4.1 Flash,7,147,1758.67393742442,74.74677213369934,89.23391651014406,2.959731543624161,0.03398571751134695
system-90-family-70,0.9,0.7,55015.625,DeepSeek V4.1 Flash,7,215,2197.239837116301,92.86647627466627,108.33909243663352,3.8768028846153846,0.03728388463524921
system-90-family-70,0.9,0.7,55015.625,DeepSeek V4.1 Flash,7,316,2403.329619684554,116.79026893450012,142.40711421877128,5.498489425981873,0.04271311076624296
system-90-family-70,0.9,0.7,55015.625,DeepSeek V4.1 Flash,7,464,2807.084438875469,150.486675493607,165.94404923735738,7.932763532763532,0.047904847175987385
system-90-family-70,0.9,0.7,55015.625,DeepSeek V4.1 Flash,7,681,2898.073139719507,205.65707289059674,239.55343151431512,10.770257387988561,0.054561500622466425
system-90-family-70,0.9,0.7,55015.625,DeepSeek V4.1 Flash,7,1000,3200.549583058702,281.7837471595476,308.89693016426656,15.537590113285273,0.055750453200636915
system-90-family-70,0.9,0.7,55015.625,DeepSeek V4.1 Flash,7,1468,3433.902536757695,395.63306585579977,425.026786998891,21.740183792815372,0.06185658639623106
system-90-family-70,0.9,0.7,55015.625,DeepSeek V4.1 Flash,7,1506,3171.0890653878955,406.99016192242823,441.4892387866962,21.946887244231608,0.05965709332380944
system-95-family-70,0.95,0.7,100000.0,DeepSeek V4.1 Flash,7,1,69.59612277559799,14.36861652802623,15.11649481224048,1,0.00461340823149214
system-95-family-70,0.95,0.7,76500.0,DeepSeek V4.1 Flash,7,2,144.10958567568161,13.888235009195581,15.28103267812854,1.001303780964798,0.005365584103530116
system-95-family-70,0.95,0.7,68666.66666666666,DeepSeek V4.1 Flash,7,3,215.42116784989568,13.919758085144222,15.623384090683519,1.0013351134846462,0.006455227987601509
system-95-family-70,0.95,0.7,64750.0,DeepSeek V4.1 Flash,7,4,278.13923321846806,14.378005652691614,18.091047490369053,1.0050251256281406,0.006546338676645904
system-95-family-70,0.95,0.7,62400.0,DeepSeek V4.1 Flash,7,5,343.9736258923812,14.613317747253124,17.314742275793254,1.0090556274256144,0.009285038986469884
system-95-family-70,0.95,0.7,60833.333333333336,DeepSeek V4.1 Flash,7,6,394.69469055858707,15.062570284752857,17.8281972616814,1.0141388174807198,0.007887257873049457
system-95-family-70,0.95,0.7,59714.28571428571,DeepSeek V4.1 Flash,7,7,430.23379460733173,15.834132035797252,19.10026328014961,1.0134048257372654,0.009101242292684757
system-95-family-70,0.95,0.7,58875.0,DeepSeek V4.1 Flash,7,8,459.6681942751134,17.17339125570314,20.895172287255168,1.0114942528735633,0.009724426546439072
system-95-family-70,0.95,0.7,57700.0,DeepSeek V4.1 Flash,7,10,503.6254147668654,19.634037716535936,24.269863490369083,1.0301204819277108,0.011129501578080481
system-95-family-70,0.95,0.7,56133.333333333336,DeepSeek V4.1 Flash,7,15,630.9963550889996,23.386900981597165,29.32198811713505,1.0637254901960784,0.013551707416331169
system-95-family-70,0.95,0.7,55136.36363636364,DeepSeek V4.1 Flash,7,22,717.6543979279343,28.422020010883205,34.804174659594935,1.1330472103004292,0.015081469769550118
system-95-family-70,0.95,0.7,54468.75,DeepSeek V4.1 Flash,7,32,898.7485961303536,34.498462936218495,40.554371533631446,1.2230142566191446,0.016931876034199975
system-95-family-70,0.95,0.7,54288.04347826087,DeepSeek V4.1 Flash,7,46,1092.2264476507173,41.012735926792004,49.25054409078181,1.415296052631579,0.021284564911205936
system-95-family-70,0.95,0.7,54154.41176470588,DeepSeek V4.1 Flash,7,68,1235.2191058397527,51.53453466957138,63.61942318867129,1.6810035842293907,0.024500003249154592
system-95-family-70,0.95,0.7,54065.0,DeepSeek V4.1 Flash,7,100,1551.2545453721934,62.33540282801412,73.39586985300255,2.131670131670132,0.026591150935840878
system-95-family-70,0.95,0.7,54023.4375,DeepSeek V4.1 Flash,7,147,1768.809364193355,74.0663130879851,86.75816483733385,2.9676452965847813,0.0331625666348062
system-95-family-70,0.95,0.7,54023.4375,DeepSeek V4.1 Flash,7,215,2221.4615291162945,92.02234449315311,107.49851131663347,3.876794258373206,0.03722197155944412
system-95-family-70,0.95,0.7,54023.4375,DeepSeek V4.1 Flash,7,316,2683.2134353394226,114.52253373249935,138.18953050392346,5.580994583948794,0.044242378057876924
system-95-family-70,0.95,0.7,54023.4375,DeepSeek V4.1 Flash,7,464,2839.9541582499232,148.7660971909704,163.17758620124127,7.9223463687150835,0.04728664573384394
system-95-family-70,0.95,0.7,54023.4375,DeepSeek V4.1 Flash,7,681,3386.297350623635,200.2743124429722,219.9621729731487,11.007543103448276,0.05551718935511066
system-95-family-70,0.95,0.7,54023.4375,DeepSeek V4.1 Flash,7,1000,3288.188846099021,277.8327436915241,304.99658523415064,15.493298969072164,0.05707914152793665
system-95-family-70,0.95,0.7,54023.4375,DeepSeek V4.1 Flash,7,1468,3297.0765546499083,390.38600166739116,419.5849219503062,21.802490339201373,0.06205436597550212
system-95-family-70,0.95,0.7,54023.4375,DeepSeek V4.1 Flash,7,1533,3309.2391995664047,406.5924384660216,439.4522083887645,23.14429383471797,0.061477358266173475
system-99-family-70,0.99,0.7,100000.0,DeepSeek V4.1 Flash,7,1,69.59612277559799,14.36861652802623,15.11649481224048,1,0.00461340823149214
system-99-family-70,0.99,0.7,76100.0,DeepSeek V4.1 Flash,7,2,144.22309364686433,13.877312342528938,15.270110011461913,1.001303780964798,0.005365517921604444
system-99-family-70,0.99,0.7,68133.33333333333,DeepSeek V4.1 Flash,7,3,215.64877431472067,13.905059671064224,15.608802330683499,1.0013315579227697,0.006455066746968905
system-99-family-70,0.99,0.7,64150.0,DeepSeek V4.1 Flash,7,4,278.48273684823073,14.36026658502244,18.058279490369053,1.0049937578027466,0.006658981109283309
system-99-family-70,0.99,0.7,61760.0,DeepSeek V4.1 Flash,7,5,334.9855318300899,14.893292284287543,18.25575762759474,1.0065530799475753,0.00971313525063564
system-99-family-70,0.99,0.7,60166.66666666667,DeepSeek V4.1 Flash,7,6,395.1747253236666,15.044384044752853,17.810011021681404,1.0141206675224648,0.007910847595913923
system-99-family-70,0.99,0.7,59028.57142857143,DeepSeek V4.1 Flash,7,7,429.9573160916551,16.00911894112984,19.604977415039865,1.015047879616963,0.008519746879404535
system-99-family-70,0.99,0.7,58175.0,DeepSeek V4.1 Flash,7,8,461.7958604290787,17.13320646500379,20.628702425259313,1.0140485312899106,0.01071427051260124
system-99-family-70,0.99,0.7,56980.0,DeepSeek V4.1 Flash,7,10,504.5959281508543,19.59613056257909,24.230541890369057,1.0300120048019208,0.01112793717730942
system-99-family-70,0.99,0.7,55386.66666666667,DeepSeek V4.1 Flash,7,15,632.0990238012995,23.350754280258286,29.945122042998165,1.0647130647130647,0.013549261393883249
system-99-family-70,0.99,0.7,54372.72727272727,DeepSeek V4.1 Flash,7,22,717.1382618420828,28.385872979125775,34.74190496657607,1.1324786324786325,0.015075933135623661
system-99-family-70,0.99,0.7,53693.75,DeepSeek V4.1 Flash,7,32,889.7173224685989,34.54460964714126,41.35761552579758,1.2238341968911917,0.016670998770796905
system-99-family-70,0.99,0.7,53505.434782608696,DeepSeek V4.1 Flash,7,46,1069.2840963187787,41.46868506537019,49.612142282369255,1.3844262295081968,0.02169940706075878
system-99-family-70,0.99,0.7,53366.17647058824,DeepSeek V4.1 Flash,7,68,1234.9869624531898,52.02596639834004,64.42406225933063,1.644412191582003,0.024111158878142653
system-99-family-70,0.99,0.7,53273.0,DeepSeek V4.1 Flash,7,100,1549.1917507022386,62.6745905796965,76.66056504755323,2.093839953943581,0.02666353500118142
system-99-family-70,0.99,0.7,53229.6875,DeepSeek V4.1 Flash,7,147,1786.9543190860086,73.72114946598144,88.28003624677486,2.9576968272620445,0.03312683518782717
system-99-family-70,0.99,0.7,53229.6875,DeepSeek V4.1 Flash,7,215,2258.8958104965973,91.44586973087684,107.14153543822343,3.881275841701122,0.038357891617320186
system-99-family-70,0.99,0.7,53229.6875,DeepSeek V4.1 Flash,7,316,2768.632127717368,113.79112335764718,136.28910496472102,5.556534508076358,0.04369800557274156
system-99-family-70,0.99,0.7,53229.6875,DeepSeek V4.1 Flash,7,464,3141.0993568889357,146.94973324385788,162.1378335438317,7.945205479452055,0.0503832788397563
system-99-family-70,0.99,0.7,53229.6875,DeepSeek V4.1 Flash,7,681,2979.6762055152553,200.93885590461275,237.41791986099005,10.760649087221095,0.05328319914705999
system-99-family-70,0.99,0.7,53229.6875,DeepSeek V4.1 Flash,7,1000,3326.1075660687175,274.79894219496526,301.94457739977577,15.496391752577319,0.058986162583189915
system-99-family-70,0.99,0.7,53229.6875,DeepSeek V4.1 Flash,7,1468,3258.665856154337,386.4315765657371,415.984194379436,21.894499549143372,0.06206999880156776
system-99-family-70,0.99,0.7,53229.6875,DeepSeek V4.1 Flash,7,1556,3279.796046918004,406.76753416636467,437.7337229888165,22.87858719646799,0.06357555800980765
independent,0.0,0.0,100000.0,Qwen3.8 Flash Next,7,1,66.33910492209075,15.074065306946922,15.702337759854675,1.0,0.00397602055493349
independent,0.0,0.0,100000.0,Qwen3.8 Flash Next,7,2,132.12096567763356,15.107886548753966,16.554359627581,1.0007698229407236,0.004658833468441852
independent,0.0,0.0,100000.0,Qwen3.8 Flash Next,7,3,195.53309700957894,15.313998466965481,16.492710825991512,1.0007468259895445,0.005318372325293166
independent,0.0,0.0,100000.0,Qwen3.8 Flash Next,7,4,259.96691792471273,15.392770605678823,16.88789735905993,1.0048465266558966,0.0065007478943013685
independent,0.0,0.0,100000.0,Qwen3.8 Flash Next,7,5,318.9986624896788,15.669562267780291,17.450159355085628,1.0108853410740204,0.006582166562921912
independent,0.0,0.0,100000.0,Qwen3.8 Flash Next,7,6,368.5996661282434,16.2137787249486,20.616768185051054,1.0120824449182657,0.007099081394849576
independent,0.0,0.0,100000.0,Qwen3.8 Flash Next,7,7,422.66989275253695,16.35822377878265,18.61383002440168,1.018881626724764,0.007709388417783599
independent,0.0,0.0,100000.0,Qwen3.8 Flash Next,7,8,418.4483802923063,18.82758521683268,22.060268693717777,1.0256222547584188,0.008906064233989671
independent,0.0,0.0,100000.0,Qwen3.8 Flash Next,7,10,470.61629608907606,21.212779749045136,23.83990925118783,1.0499194847020934,0.010666536027114188
independent,0.0,0.0,100000.0,Qwen3.8 Flash Next,7,15,630.7738551077239,23.49690080467914,27.234939247213692,1.1223076923076922,0.01168285867921412
independent,0.0,0.0,100000.0,Qwen3.8 Flash Next,7,22,753.0058655433337,27.81592815509868,32.48987954119641,1.1794310722100656,0.01283492131408267
independent,0.0,0.0,100000.0,Qwen3.8 Flash Next,7,32,981.9808428170198,31.675098634262895,37.045120172333775,1.3125,0.01751125565204202
independent,0.0,0.0,100000.0,Qwen3.8 Flash Next,7,46,1228.6483105447583,36.5165655383794,43.627933437300086,1.4431385006353241,0.01920222204537909
independent,0.0,0.0,100000.0,Qwen3.8 Flash Next,7,68,1600.0329301841025,41.10196488065496,46.89775826934299,1.8939563514269726,0.027357390299877462
independent,0.0,0.0,100000.0,Qwen3.8 Flash Next,7,100,2033.1216587417666,46.30461320905905,53.024215432755945,2.5170907221793883,0.03260940969743841
independent,0.0,0.0,100000.0,Qwen3.8 Flash Next,7,147,2714.4188299127977,53.7144566161516,60.31578003714579,3.356164383561644,0.04014366085972306
independent,0.0,0.0,100000.0,Qwen3.8 Flash Next,7,215,3386.230083593428,63.242774174309496,70.89636110328472,4.648090319481144,0.05361293239877755
independent,0.0,0.0,100000.0,Qwen3.8 Flash Next,7,316,4142.860706835474,76.12337158389717,84.62522083237923,6.543948458352508,0.06068145415140897
independent,0.0,0.0,100000.0,Qwen3.8 Flash Next,7,464,4915.159726595912,94.21772668345513,102.4091916326443,9.35064935064935,0.07639685034645688
independent,0.0,0.0,100000.0,Qwen3.8 Flash Next,7,681,5647.307188623611,120.43674257019167,128.01965603025997,13.321017170180395,0.08706666625248867
independent,0.0,0.0,100000.0,Qwen3.8 Flash Next,7,1000,6311.547443196688,158.26984563251946,165.58265994293834,19.313304721030043,0.09802812433672352
independent,0.0,0.0,100000.0,Qwen3.8 Flash Next,7,1468,6796.152491882929,216.07719244870373,223.00139635027122,25.85518590998043,0.10381503770397552
independent,0.0,0.0,100000.0,Qwen3.8 Flash Next,7,2154,7114.525950790855,302.9525799970217,311.1100045860853,39.474648747709224,0.10891662305247306
independent,0.0,0.0,100000.0,Qwen3.8 Flash Next,7,2915,7254.686623384841,401.58870489843656,411.86915111912225,53.85957708889345,0.11049222190760428
system-90-family-70,0.9,0.7,100000.0,Qwen3.8 Flash Next,7,1,66.33910492209075,15.074065306946922,15.702337759854675,1,0.00397602055493349
system-90-family-70,0.9,0.7,77000.0,Qwen3.8 Flash Next,7,2,133.44158757400936,14.920991653166425,16.365943627581,1.0007581501137226,0.0047577552417742384
system-90-family-70,0.9,0.7,69333.33333333333,Qwen3.8 Flash Next,7,3,198.7658169705692,15.039993380556968,15.991486761991338,1.0007942811755361,0.005218873596723823
system-90-family-70,0.9,0.7,65500.0,Qwen3.8 Flash Next,7,4,264.44241723551403,15.12712963861561,16.60527335905993,1.0054988216810683,0.006496953338512703
system-90-family-70,0.9,0.7,63200.0,Qwen3.8 Flash Next,7,5,322.0329605501443,15.336128263221767,17.126804825196743,1.0113268608414239,0.0064952526626158216
system-90-family-70,0.9,0.7,61666.66666666667,Qwen3.8 Flash Next,7,6,369.28073392960806,15.977555619730866,19.988720313051104,1.0136765888978279,0.007567301416668589
system-90-family-70,0.9,0.7,60571.42857142857,Qwen3.8 Flash Next,7,7,434.1962663735353,15.759494136376404,17.500454590264887,1.0177993527508091,0.007673069200062807
system-90-family-70,0.9,0.7,59750.0,Qwen3.8 Flash Next,7,8,431.5944767795769,18.23313465631578,22.027661651982733,1.027542372881356,0.009688067519502129
system-90-family-70,0.9,0.7,58600.0,Qwen3.8 Flash Next,7,10,469.7595613559396,20.636359136097703,23.68009578743559,1.0426829268292683,0.009482884841008727
system-90-family-70,0.9,0.7,57066.66666666667,Qwen3.8 Flash Next,7,15,605.980857703127,23.456439147004932,29.351853330547005,1.0968218773096823,0.01134171913069654
system-90-family-70,0.9,0.7,56090.90909090909,Qwen3.8 Flash Next,7,22,739.0172587348391,28.23395296877732,33.40925222863209,1.1654991243432575,0.013727469128680048
system-90-family-70,0.9,0.7,55437.5,Qwen3.8 Flash Next,7,32,1029.6834002693977,29.930391241386623,38.0923745700849,1.2722103766879886,0.019157040531431035
system-90-family-70,0.9,0.7,55266.30434782609,Qwen3.8 Flash Next,7,46,1294.5274330362317,33.06991002999999,40.88810797429061,1.4613095238095237,0.024419171150181936
system-90-family-70,0.9,0.7,55139.70588235294,Qwen3.8 Flash Next,7,68,1639.8940897421016,37.76656953000678,43.61001646790643,1.880316518298714,0.029193162490622097
system-90-family-70,0.9,0.7,55055.0,Qwen3.8 Flash Next,7,100,2359.070224403917,41.97058172914616,49.0814178007098,2.4699588477366254,0.03502571583103088
system-90-family-70,0.9,0.7,55015.625,Qwen3.8 Flash Next,7,147,3130.392127332427,46.172055048934745,53.24028081369291,3.4069611780455156,0.05361857453198437
system-90-family-70,0.9,0.7,55015.625,Qwen3.8 Flash Next,7,215,3687.1692636452485,51.82594976774748,58.532101501727375,4.742911877394636,0.06390738963330844
system-90-family-70,0.9,0.7,55015.625,Qwen3.8 Flash Next,7,316,4686.991785740317,59.22931396135044,67.77487042677846,6.763177710843373,0.08156193512252896
system-90-family-70,0.9,0.7,55015.625,Qwen3.8 Flash Next,7,464,6615.180472371235,69.73434746211848,76.68440731824249,9.276289484206318,0.09935300837541064
system-90-family-70,0.9,0.7,55015.625,Qwen3.8 Flash Next,7,681,8020.771201008044,84.3777540636642,91.92717345452482,13.259345794392523,0.11891919343716205
system-90-family-70,0.9,0.7,55015.625,Qwen3.8 Flash Next,7,1000,9466.061872256098,105.50448789410183,112.48139092652488,19.37233630375823,0.144114105215504
system-90-family-70,0.9,0.7,55015.625,Qwen3.8 Flash Next,7,1468,10579.543152541506,138.82515245607868,145.80206007383043,25.781524411661398,0.16008551004940835
system-90-family-70,0.9,0.7,55015.625,Qwen3.8 Flash Next,7,2154,11372.667618570707,189.5390493235952,197.5760140265894,39.3640350877193,0.1761959028403194
system-90-family-70,0.9,0.7,55015.625,Qwen3.8 Flash Next,7,3162,10050.147657541293,266.6990333982293,277.7841087344286,56.94754917265064,0.1761221149349414
system-90-family-70,0.9,0.7,55015.625,Qwen3.8 Flash Next,7,4642,11857.030679750203,387.4276480945278,405.5992056374285,69.26529394210684,0.17873144019013676
system-90-family-70,0.9,0.7,55015.625,Qwen3.8 Flash Next,7,5298,12098.681633280601,437.18463194344207,456.7461652023027,69.83917743211178,0.1849479700403843
system-95-family-70,0.95,0.7,100000.0,Qwen3.8 Flash Next,7,1,66.33910492209075,15.074065306946922,15.702337759854675,1,0.00397602055493349
system-95-family-70,0.95,0.7,76500.0,Qwen3.8 Flash Next,7,2,133.47834411190283,14.916895653166424,16.361847627581,1.0007581501137226,0.0047577354549378755
system-95-family-70,0.95,0.7,68666.66666666666,Qwen3.8 Flash Next,7,3,198.8376928764831,15.034537508556978,15.924382088402034,1.0007942811755361,0.005218828697101899
system-95-family-70,0.95,0.7,64750.0,Qwen3.8 Flash Next,7,4,264.5498730428589,15.12098563861561,16.59912935905993,1.0054988216810683,0.006496870897366089
system-95-family-70,0.95,0.7,62400.0,Qwen3.8 Flash Next,7,5,322.1711585671394,15.329574663221779,17.120251225196778,1.0113268608414239,0.006495141642652536
system-95-family-70,0.95,0.7,60833.333333333336,Qwen3.8 Flash Next,7,6,369.4550337570869,15.970056942657699,19.97505605705109,1.0136765888978279,0.007567146360695435
system-95-family-70,0.95,0.7,59714.28571428571,Qwen3.8 Flash Next,7,7,434.3916332695289,15.752473592376404,17.493434046264888,1.0177993527508091,0.007672878080867814
system-95-family-70,0.95,0.7,58875.0,Qwen3.8 Flash Next,7,8,426.55879662199146,18.13483406211,21.771964020427497,1.0320197044334976,0.009196872855409972
system-95-family-70,0.95,0.7,57700.0,Qwen3.8 Flash Next,7,10,470.12001010322376,20.620994446021353,23.665350187435568,1.0426504188880426,0.009482635055630335
system-95-family-70,0.95,0.7,56133.333333333336,Qwen3.8 Flash Next,7,15,662.7725434967433,22.188916757573402,25.223462926384418,1.1173184357541899,0.012867041688406198
system-95-family-70,0.95,0.7,55136.36363636364,Qwen3.8 Flash Next,7,22,739.6960881744161,28.21534243593755,33.27688998838565,1.1668122270742358,0.013537598240287512
system-95-family-70,0.95,0.7,54468.75,Qwen3.8 Flash Next,7,32,966.4553080758327,30.399856399008524,36.97889067401713,1.2776572668112798,0.0193004371066267
system-95-family-70,0.95,0.7,54288.04347826087,Qwen3.8 Flash Next,7,46,1270.639402330987,34.946972212472225,43.210260678120676,1.4293670886075949,0.022755208801691327
system-95-family-70,0.95,0.7,54154.41176470588,Qwen3.8 Flash Next,7,68,1637.3852982483957,38.23888324988647,44.381265215632645,1.8869077941925625,0.028411120905548606
system-95-family-70,0.95,0.7,54065.0,Qwen3.8 Flash Next,7,100,2391.5913546586717,41.67282820593557,48.39054746445465,2.5031289111389237,0.037054600337882035
system-95-family-70,0.95,0.7,54023.4375,Qwen3.8 Flash Next,7,147,3170.2440133936393,45.844664424509205,52.25019916996646,3.4420035149384884,0.052414655684496145
system-95-family-70,0.95,0.7,54023.4375,Qwen3.8 Flash Next,7,215,3714.8701427404635,51.42079847051243,58.01462512915435,4.766110689916603,0.06750049858902767
system-95-family-70,0.95,0.7,54023.4375,Qwen3.8 Flash Next,7,316,4706.195604167386,58.85383630923084,67.54907475078714,6.766209707299,0.0805669006416757
system-95-family-70,0.95,0.7,54023.4375,Qwen3.8 Flash Next,7,464,6673.783953124114,69.13980948544868,76.50993855530842,9.306056959486563,0.10051370300179106
system-95-family-70,0.95,0.7,54023.4375,Qwen3.8 Flash Next,7,681,8096.011595496723,83.65139834460138,90.83100258572144,13.233579479207151,0.12056116327564292
system-95-family-70,0.95,0.7,54023.4375,Qwen3.8 Flash Next,7,1000,9564.53790876003,104.31344373111584,111.2290348151894,19.41747572815534,0.14289455958036815
system-95-family-70,0.95,0.7,54023.4375,Qwen3.8 Flash Next,7,1468,10723.624324289536,137.07070748715603,144.1598929096269,25.835973248856035,0.16034785427123777
system-95-family-70,0.95,0.7,54023.4375,Qwen3.8 Flash Next,7,2154,11532.877079706119,186.96852313533955,194.9689665950206,39.43610399121201,0.17487748102022005
system-95-family-70,0.95,0.7,54023.4375,Qwen3.8 Flash Next,7,3162,12003.461358225179,263.2493774325856,274.4437970755268,55.103227682465835,0.18348899730102874
system-95-family-70,0.95,0.7,54023.4375,Qwen3.8 Flash Next,7,4642,12035.51825175596,382.0346633022873,400.2059287094284,69.24463007159905,0.1807078358166263
system-95-family-70,0.95,0.7,54023.4375,Qwen3.8 Flash Next,7,5395,10426.022435764567,442.75159208154116,464.6072453217559,73.18527854802117,0.17856305512041068
system-99-family-70,0.99,0.7,100000.0,Qwen3.8 Flash Next,7,1,66.33910492209075,15.074065306946922,15.702337759854675,1,0.00397602055493349
system-99-family-70,0.99,0.7,76100.0,Qwen3.8 Flash Next,7,2,133.50776392485943,14.91361885316639,16.35857082758102,1.0007581501137226,0.004757719625587283
system-99-family-70,0.99,0.7,68133.33333333333,Qwen3.8 Flash Next,7,3,200.633714125895,14.916310745548037,16.17000756040168,1.0039525691699605,0.005528819985996586
system-99-family-70,0.99,0.7,64150.0,Qwen3.8 Flash Next,7,4,264.63590058608634,15.116070438615619,16.59421415905994,1.0054988216810683,0.006496804945955183
system-99-family-70,0.99,0.7,61760.0,Qwen3.8 Flash Next,7,5,322.2818024116229,15.324331783221764,17.115008345196724,1.0113268608414239,0.006495052829414423
system-99-family-70,0.99,0.7,60166.66666666667,Qwen3.8 Flash Next,7,6,369.5943410325509,15.964068790462575,19.964144313051104,1.0136765888978279,0.007567022543582156
system-99-family-70,0.99,0.7,59028.57142857143,Qwen3.8 Flash Next,7,7,434.54791647607993,15.74686207237641,17.487822526264907,1.0177993527508091,0.007672725326163673
system-99-family-70,0.99,0.7,58175.0,Qwen3.8 Flash Next,7,8,424.3524961814316,18.497190149398378,21.96908885198271,1.0265232974910394,0.008995712536129687
system-99-family-70,0.99,0.7,56980.0,Qwen3.8 Flash Next,7,10,470.4087676122907,20.6087026939603,23.65355370743561,1.0425531914893618,0.009482435236801914
system-99-family-70,0.99,0.7,55386.66666666667,Qwen3.8 Flash Next,7,15,663.2203140569515,22.17374249002962,25.205129230384408,1.1173184357541899,0.012865940132774931
system-99-family-70,0.99,0.7,54372.72727272727,Qwen3.8 Flash Next,7,22,740.2393377738229,28.204227354099178,33.08245100605889,1.1649214659685865,0.013536141809597923
system-99-family-70,0.99,0.7,53693.75,Qwen3.8 Flash Next,7,32,980.0822562367385,30.22693634909385,36.360277015930784,1.2832494608195544,0.019297579185063703
system-99-family-70,0.99,0.7,53505.434782608696,Qwen3.8 Flash Next,7,46,1252.239146589008,35.2830651624594,44.115081271999806,1.423482187656799,0.023353173541222627
system-99-family-70,0.99,0.7,53366.17647058824,Qwen3.8 Flash Next,7,68,1638.9736315215048,37.99886331083713,45.052796512417494,1.8540942928039703,0.02824897903385251
system-99-family-70,0.99,0.7,53273.0,Qwen3.8 Flash Next,7,100,2313.6353869228496,42.584865032131965,49.98990715056419,2.4583845838458385,0.03589191739314124
system-99-family-70,0.99,0.7,53229.6875,Qwen3.8 Flash Next,7,147,3179.5987183655934,45.799578403974756,52.53784512862451,3.4270787984327384,0.051349006216533905
system-99-family-70,0.99,0.7,53229.6875,Qwen3.8 Flash Next,7,215,3740.6332166270904,51.18896588561974,58.356236591053815,4.746436609152288,0.06436489492175322
system-99-family-70,0.99,0.7,53229.6875,Qwen3.8 Flash Next,7,316,4759.6587895339435,58.48148015719916,66.86155669771871,6.75009147457007,0.0807876145852772
system-99-family-70,0.99,0.7,53229.6875,Qwen3.8 Flash Next,7,464,6715.195350019442,68.76364520065935,75.96421368783211,9.301161393672407,0.10248049871510541
system-99-family-70,0.99,0.7,53229.6875,Qwen3.8 Flash Next,7,681,8149.404051378887,82.97923919885808,90.29238677772122,13.237762237762238,0.12697254564832294
system-99-family-70,0.99,0.7,53229.6875,Qwen3.8 Flash Next,7,1000,9657.64799348055,103.34392295763544,110.29086651052218,19.40993788819876,0.14367825211993468
system-99-family-70,0.99,0.7,53229.6875,Qwen3.8 Flash Next,7,1468,10811.652023636587,135.70872618889007,142.7379078671829,25.799648506151144,0.15874211012378178
system-99-family-70,0.99,0.7,53229.6875,Qwen3.8 Flash Next,7,2154,11658.055657285026,184.92741221624212,193.01188893454844,39.522935779816514,0.17495688210732155
system-99-family-70,0.99,0.7,53229.6875,Qwen3.8 Flash Next,7,3162,12131.045362712453,260.4571428461762,272.12484979620206,55.08134805345729,0.18238277229248614
system-99-family-70,0.99,0.7,53229.6875,Qwen3.8 Flash Next,7,4642,12183.549366509631,377.73424980344953,395.91992239375304,69.22397852669252,0.18520604529521367
system-99-family-70,0.99,0.7,53229.6875,Qwen3.8 Flash Next,7,5476,10536.16048187128,443.2280820682144,464.23820641264484,75.11162432640492,0.17799217077383486
